"scenario","rho","replication_id","method","method_family","tuning","beta","tau","epsilon0","qmax","q0_constraint_active","stage","tv","fkl","rkl","mean_h_error","q0","cexp","clist","klist","keff","active_nonfallback","n_kernels","objective","kkt_residual","optimizer_status","optimizer_iterations","objective_change","min_alpha_empirical","floor_q_mass","floor_active_q_mass","delta_a","active_floored_kernels","max_active_reciprocal_uncertainty","final_mass_mode","runtime_sec"
"graph_community",0.7,1,"Hamming balls","same-target credible region","top centers, r=0:5",0.02,0.001,0.001,1,FALSE,"fit",0.0184480783817176,0.00319994333568824,0.00256963112524959,2.22044604925031e-16,0.001,5.22317626085558,145.532651370508,22,4.80695871691489,22,31,0.105665880274485,0.11452870744776,"max_iter_reached",120,0.000168997667316526,0.0300555555555556,0,0,0,0,-Inf,"unfloored empirical",0.280000000000001
"graph_community",0.7,1,"Group-Hamming balls","same-target credible region","top group centers, r=0:3",0.02,0.001,0.001,1,FALSE,"fit",0.0181506659900334,0.0023318581786461,0.00203833728472682,1.11022302462516e-16,0.001,5.21586704623354,114.687289819984,19,6.10225856376417,19,21,0.104418462547342,0.0842896081944016,"max_iter_reached",120,0.000150554761885122,0.711777777777778,0,0,0,0,-Inf,"unfloored empirical",0.149999999999999
"graph_community",0.7,2,"Hamming balls","same-target credible region","top centers, r=0:5",0.02,0.001,0.001,1,FALSE,"fit",0.0283289152995772,0.0196137356374296,0.0100463052372308,2.22044604925031e-15,0.00457579488107618,5.86976102933199,120.072169303143,18,3.89993591630958,18,31,0.135186356083472,0.115383722927256,"max_iter_reached",120,7.95173458970067e-05,0.0319444444444444,0,0,0,0,-Inf,"unfloored empirical",0.299999999999997
"graph_community",0.7,2,"Group-Hamming balls","same-target credible region","top group centers, r=0:3",0.02,0.001,0.001,1,FALSE,"fit",0.0202291870332062,0.010527570149581,0.00540370241366532,2.55351295663786e-15,0.0028474860469686,5.35338023504162,100.457048786301,17,4.03554375517224,17,21,0.115767375072184,0.0745363934001726,"max_iter_reached",120,0.000113533771873217,0.0338333333333333,0,0,0,0,-Inf,"unfloored empirical",0.219999999999985
"graph_community",0.7,3,"Hamming balls","same-target credible region","top centers, r=0:5",0.02,0.001,0.001,1,FALSE,"fit",0.0294078838185786,0.0156611087443639,0.00895914082141702,1.22124532708767e-15,0.00206026778046954,5.77351668015591,145.532651370508,22,4.47094584860085,22,31,0.129177199754239,0.122082145261503,"max_iter_reached",120,0.000114273633560896,0.0243888888888889,0,0,0,0,-Inf,"unfloored empirical",0.240000000000009
"graph_community",0.7,3,"Group-Hamming balls","same-target credible region","top group centers, r=0:3",0.02,0.001,0.001,1,FALSE,"fit",0.0178588358139868,0.0058309533244836,0.0027077952838888,4.44089209850063e-16,0.00283843306136915,5.24118608612236,114.687289819984,19,6.52640481189786,19,21,0.108373901195137,0.0844410305035175,"max_iter_reached",120,0.000146950079979336,0.677555555555555,0,0,0,0,-Inf,"unfloored empirical",0.169999999999987
"graph_community",0.9,1,"Hamming balls","same-target credible region","top centers, r=0:5",0.02,0.001,0.001,1,FALSE,"fit",0.0872476967125553,0.056687709197037,0.0381844668397546,4.9960036108132e-15,0.111853659083224,7.61718507030432,79.3814462020951,12,4.28619263744588,12,31,0.207148402721418,0.160231262334309,"max_iter_reached",120,3.69901105989612e-05,0.0176666666666667,0,0,0,0,-Inf,"unfloored empirical",0.420000000000016
"graph_community",0.9,1,"Group-Hamming balls","same-target credible region","top group centers, r=0:3",0.02,0.001,0.001,1,FALSE,"fit",0.0177942572472938,0.00210958764199086,0.00185109754610029,8.10462807976364e-15,0.001,5.21643742961783,114.687289819984,19,6.6616481012873,19,21,0.104150532815551,0.0832901980565488,"max_iter_reached",120,0.00014564435031951,0.718111111111111,0,0,0,0,-Inf,"unfloored empirical",0.359999999999957
"graph_community",0.9,2,"Hamming balls","same-target credible region","top centers, r=0:5",0.02,0.001,0.001,1,FALSE,"fit",0.0915781662475659,0.0575069242076402,0.0389523448468676,1.4432899320127e-15,0.106828777618501,7.62584941987485,100.226807752619,15,4.81465219938657,15,31,0.207922191738359,0.15933897354508,"max_iter_reached",120,3.06581918866344e-05,0.0317222222222222,0,0,0,0,-Inf,"unfloored empirical",0.310000000000002
"graph_community",0.9,2,"Group-Hamming balls","same-target credible region","top group centers, r=0:3",0.02,0.001,0.001,1,FALSE,"fit",0.0182673060550932,0.00628481998525727,0.00283785875433925,3.77475828372553e-15,0.0032722433962354,5.24530182276775,114.687289819984,19,6.70488106949966,19,21,0.108885412309033,0.0839206068811791,"max_iter_reached",120,0.00014603062087315,0.712388888888889,0,0,0,0,-Inf,"unfloored empirical",0.25
"graph_community",0.9,3,"Hamming balls","same-target credible region","top centers, r=0:5",0.02,0.001,0.001,1,FALSE,"fit",0.029042191872332,0.0177053528260254,0.00935982231275557,1.4432899320127e-15,0.00275463705172922,5.77293884453452,115.072169303143,18,4.74309267938125,18,31,0.131208534822285,0.122851561599896,"max_iter_reached",120,6.51592371342102e-05,0.0284444444444444,0,0,0,0,-Inf,"unfloored empirical",0.269999999999982
"graph_community",0.9,3,"Group-Hamming balls","same-target credible region","top group centers, r=0:3",0.02,0.001,0.001,1,FALSE,"fit",0.0166209464777706,0.00253648567209764,0.00204219817594013,1.99840144432528e-15,0.001,5.2045513380334,122.302410336825,20,4.9641581083922,20,21,0.104578148147442,0.0742400581460798,"max_iter_reached",120,0.000147145688717015,0.109222222222223,0,0,0,0,-Inf,"unfloored empirical",0.180000000000007
"multi_representative",0.7,1,"Hamming balls","same-target credible region","top centers, r=0:5",0.02,0.001,0.001,1,FALSE,"fit",0.021454147514303,0.00806864182545074,0.00468929404424523,7.7715611723761e-16,0.00144702988100614,5.43146973918323,145.532651370508,22,4.89214995042193,22,31,0.11467407591469,0.12208899564723,"max_iter_reached",120,0.000148945199399397,0.0232222222222222,0,0,0,0,-Inf,"unfloored empirical",0.170000000000073
"multi_representative",0.7,1,"Group-Hamming balls","same-target credible region","top group centers, r=0:3",0.02,0.001,0.001,1,FALSE,"fit",0.0173028770981432,0.00208824721043653,0.00181061643760919,4.44089209850063e-16,0.001,5.21045303892303,122.302410336825,20,7.64821419801609,20,21,0.103909406354,0.0810752611059673,"max_iter_reached",120,0.000138682354878225,0.792833333333333,0,0,0,0,-Inf,"unfloored empirical",0.139999999999986
"multi_representative",0.7,2,"Hamming balls","same-target credible region","top centers, r=0:5",0.02,0.001,0.001,1,FALSE,"fit",0.0346626872264655,0.0189884646011535,0.0107917425862972,1.33226762955019e-15,0.00907221405842308,5.89187084539244,124.687289819984,19,4.98319518887701,19,31,0.134893886579403,0.112217446558318,"max_iter_reached",120,8.01525990088425e-05,0.0162222222222222,0,0,0,0,-Inf,"unfloored empirical",0.269999999999982
"multi_representative",0.7,2,"Group-Hamming balls","same-target credible region","top group centers, r=0:3",0.02,0.001,0.001,1,FALSE,"fit",0.0176145350534463,0.00261183999298594,0.00209383690441229,1.55431223447522e-15,0.001,5.17798530894528,114.687289819984,19,4.7830461414476,19,21,0.104148151089686,0.0863035435984471,"max_iter_reached",120,0.000147822682581122,0.0725000000000002,0,0,0,0,-Inf,"unfloored empirical",0.189999999999941
"multi_representative",0.7,3,"Hamming balls","same-target credible region","top centers, r=0:5",0.02,0.001,0.001,1,FALSE,"fit",0.0193493432467926,0.00667323817024304,0.00412404573421102,0,0.001,5.34177861602327,133.302410336825,20,4.81614818651749,20,31,0.111549646811386,0.117734105264327,"max_iter_reached",120,0.00015000870103217,0.0313888888888889,0,0,0,0,-Inf,"unfloored empirical",0.25
"multi_representative",0.7,3,"Group-Hamming balls","same-target credible region","top group centers, r=0:3",0.02,0.001,0.001,1,FALSE,"fit",0.0190046408322221,0.00340849803510958,0.00239211528902494,1.11022302462516e-16,0.001,5.19150972955918,114.687289819984,19,5.38558115285466,19,21,0.105090011619486,0.0829533229331236,"max_iter_reached",120,0.000164707069799749,0.125111111111111,0,0,0,0,-Inf,"unfloored empirical",0.17999999999995
"multi_representative",0.9,1,"Hamming balls","same-target credible region","top centers, r=0:5",0.02,0.001,0.001,1,FALSE,"fit",0.0211796351208278,0.0028712121184177,0.00252533801518463,1.4432899320127e-15,0.001,5.15840572599938,155.147771887349,23,6.17398003044518,23,31,0.103816766709864,0.123962350889056,"max_iter_reached",120,0.000171623672016993,0.0137777777777778,0,0,0,0,-Inf,"unfloored empirical",0.110000000000014
"multi_representative",0.9,1,"Group-Hamming balls","same-target credible region","top group centers, r=0:3",0.02,0.001,0.001,1,FALSE,"fit",0.0160266686201856,0.00163133173351504,0.00149395838442354,1.55431223447522e-15,0.001,5.20380386735218,122.302410336825,20,8.44956357659616,20,21,0.103253129053639,0.0773262078768002,"max_iter_reached",120,0.000131588825764778,0.851611111111111,0,0,0,0,-Inf,"unfloored empirical",0.139999999999986
"multi_representative",0.9,2,"Hamming balls","same-target credible region","top centers, r=0:5",0.02,0.001,0.001,1,FALSE,"fit",0.0431264862350426,0.0445892223404427,0.0236764703882505,2.66453525910038e-15,0.104997897497671,6.87188967868447,98.2268077526189,15,2.83980409983025,15,31,0.180363764216234,0.113962987772142,"max_iter_reached",120,7.81766362955016e-05,0.0231111111111111,0,0,0,0,-Inf,"unfloored empirical",0.439999999999941
"multi_representative",0.9,2,"Group-Hamming balls","same-target credible region","top group centers, r=0:3",0.02,0.001,0.001,1,FALSE,"fit",0.0337564546551193,0.0289461757218893,0.0144887389794957,3.44169137633799e-15,0.0264906200223314,5.5166014275173,88.2268077526189,15,2.5546259433949,15,21,0.137857514596934,0.0847590102171489,"max_iter_reached",120,6.84235864947536e-05,0.0817222222222224,0,0,0,0,-Inf,"unfloored empirical",0.389999999999986
"multi_representative",0.9,3,"Hamming balls","same-target credible region","top centers, r=0:5",0.02,0.001,0.001,1,FALSE,"fit",0.032091554807182,0.0125306088790741,0.0078032327572013,1.55431223447522e-15,0.00236054368145763,5.73903369605213,131.302410336825,20,6.48536542078728,20,31,0.125076681618067,0.123917315191574,"max_iter_reached",120,9.44936322472834e-05,0.0146111111111111,0,0,0,0,-Inf,"unfloored empirical",0.169999999999959
"multi_representative",0.9,3,"Group-Hamming balls","same-target credible region","top group centers, r=0:3",0.02,0.001,0.001,1,FALSE,"fit",0.0180014067736843,0.00272316881593835,0.0020217945779967,8.88178419700125e-16,0.001,5.22104392015109,122.302410336825,20,6.96387507602929,20,21,0.104817613982366,0.0717998318692123,"max_iter_reached",120,0.00013750005652674,0.129555555555556,0,0,0,0,-Inf,"unfloored empirical",0.129999999999995
"noisy_grouping",0.7,1,"Hamming balls","same-target credible region","top centers, r=0:5",0.02,0.001,0.001,1,FALSE,"fit",0.0161003594771331,0.00186712863474679,0.00165729466651123,5.32907051820075e-15,0.001,5.12632816939871,158.147771887349,23,6.64686588639024,23,31,0.102140858608998,0.118596674157497,"max_iter_reached",120,0.000166492114750838,0.00922222222222222,0,0,0,0,-Inf,"unfloored empirical",0.139999999999986
"noisy_grouping",0.7,1,"Group-Hamming balls","same-target credible region","top group centers, r=0:3",0.02,0.001,0.001,1,FALSE,"fit",0.0170417159283492,0.00227957932766136,0.00194915771153743,5.21804821573824e-15,0.001,5.01219775078576,108.072169303143,18,4.06762795219962,18,21,0.100678523539512,0.077214883696254,"max_iter_reached",120,0.000134952668038937,0.0366666666666667,0,0,0,0,-Inf,"unfloored empirical",0.0900000000000318
"noisy_grouping",0.7,2,"Hamming balls","same-target credible region","top centers, r=0:5",0.02,0.001,0.001,1,FALSE,"fit",0.0166448177206302,0.00265690590768053,0.00224583012989978,2.77555756156289e-15,0.001,5.14206465080964,156.147771887349,23,6.55853717094419,23,31,0.103235049630232,0.121230142051311,"max_iter_reached",120,0.000168600392933427,0.00633333333333333,0,0,0,0,-Inf,"unfloored empirical",0.120000000000005
"noisy_grouping",0.7,2,"Group-Hamming balls","same-target credible region","top group centers, r=0:3",0.02,0.001,0.001,1,FALSE,"fit",0.0177382958650419,0.00797885065369739,0.0036929979740257,2.44249065417534e-15,0.00265543083338051,5.1393740897705,108.072169303143,18,4.93217150224008,18,21,0.108705125594928,0.0776529935203686,"max_iter_reached",120,0.000132386112281876,0.017,0,0,0,0,-Inf,"unfloored empirical",0.0800000000000409
"noisy_grouping",0.7,3,"Hamming balls","same-target credible region","top centers, r=0:5",0.02,0.001,0.001,1,FALSE,"fit",0.0167444806696661,0.00163415005861433,0.00151536671943479,2.22044604925031e-16,0.001,5.12907206995548,139.917530853666,21,6.09850062829876,21,31,0.102021432632529,0.119733630734322,"max_iter_reached",120,0.000171444182903421,0.00961111111111111,0,0,0,0,-Inf,"unfloored empirical",0.190000000000055
"noisy_grouping",0.7,3,"Group-Hamming balls","same-target credible region","top group centers, r=0:3",0.02,0.001,0.001,1,FALSE,"fit",0.0180417053398833,0.00221208866351838,0.00193826490264701,2.22044604925031e-16,0.001,5.01972305372028,102.457048786301,17,4.07496216814574,17,21,0.100762718786895,0.0773631122380326,"max_iter_reached",120,0.000131677458583446,0.0966111111111112,0,0,0,0,-Inf,"unfloored empirical",0.120000000000005
"noisy_grouping",0.9,1,"Hamming balls","same-target credible region","top centers, r=0:5",0.02,0.001,0.001,1,FALSE,"fit",0.0388065337498381,0.022979213149971,0.0130750254763786,4.44089209850063e-16,0.00591799516763759,6.06780500775916,157.147771887349,23,4.97690398800168,23,31,0.142238977329607,0.11012730526152,"max_iter_reached",120,5.94581921653237e-05,0.0200555555555556,0,0,0,0,-Inf,"unfloored empirical",0.279999999999973
"noisy_grouping",0.9,1,"Group-Hamming balls","same-target credible region","top group centers, r=0:3",0.02,0.001,0.001,1,FALSE,"fit",0.0398414683833484,0.0118650902484206,0.009434261943181,6.66133814775094e-16,0.001,5.32134406361666,108.072169303143,18,5.01564036644764,18,21,0.116219106178187,0.108340393029426,"max_iter_reached",120,0.00012277527230499,0.318944444444444,0,0,0,0,-Inf,"unfloored empirical",0.160000000000082
"noisy_grouping",0.9,2,"Hamming balls","same-target credible region","top centers, r=0:5",0.02,0.001,0.001,1,FALSE,"fit",0.0194810300558861,0.00401710567397028,0.00289540881891362,1.77635683940025e-15,0.001,5.23098192711731,144.532651370508,22,6.1445895930412,22,31,0.106422321596994,0.114007132705924,"max_iter_reached",120,0.000146287494319164,0.0233333333333333,0,0,0,0,-Inf,"unfloored empirical",0.220000000000027
"noisy_grouping",0.9,2,"Group-Hamming balls","same-target credible region","top group centers, r=0:3",0.02,0.001,0.001,1,FALSE,"fit",0.0180347033161222,0.00249357515575201,0.00195374993478732,1.88737914186277e-15,0.001,5.21448283641308,114.687289819984,19,6.79786634085056,19,21,0.104476024909995,0.0827770946222214,"max_iter_reached",120,0.000145336016188088,0.752,0,0,0,0,-Inf,"unfloored empirical",0.150000000000091
"noisy_grouping",0.9,3,"Hamming balls","same-target credible region","top centers, r=0:5",0.02,0.001,0.001,1,FALSE,"fit",0.0231095012691782,0.0134112812868834,0.00640882832152921,4.66293670342566e-15,0.00514853263736904,5.37035800715893,136.917530853666,21,5.4371002806463,21,31,0.118708461933234,0.123640590773151,"max_iter_reached",120,0.000111569273275269,0.0075,0,0,0,0,-Inf,"unfloored empirical",0.269999999999982
"noisy_grouping",0.9,3,"Group-Hamming balls","same-target credible region","top group centers, r=0:3",0.02,0.001,0.001,1,FALSE,"fit",0.0205133117735405,0.0122243796697398,0.00482740449420184,4.77395900588817e-15,0.0096928055382494,5.29964907410328,107.072169303143,18,4.76400941337195,18,21,0.116128529991438,0.0818983966130227,"max_iter_reached",120,0.000140769840881641,0.0196111111111111,0,0,0,0,-Inf,"unfloored empirical",0.200000000000045
"one_representative",0.7,1,"Hamming balls","same-target credible region","top centers, r=0:5",0.02,0.001,0.001,1,FALSE,"fit",0.0174589184739609,0.00200686102578494,0.00177482563596633,2.22044604925031e-16,0.001,5.14080311870908,162.76289240419,24,6.96372908341571,24,31,0.102526422005708,0.119857024550529,"max_iter_reached",120,0.000159918152074709,0.0108888888888889,0,0,0,0,-Inf,"unfloored empirical",0.139999999999873
"one_representative",0.7,1,"Group-Hamming balls","same-target credible region","top group centers, r=0:3",0.02,0.001,0.001,1,FALSE,"fit",0.0173163602116269,0.00169590188487268,0.00157322732365941,0,0.001,5.13215414439564,122.302410336825,20,5.67484955884429,20,21,0.102200790621256,0.0724016851773176,"max_iter_reached",120,0.00014825614501493,0.0277777777777778,0,0,0,0,-Inf,"unfloored empirical",0.0899999999999181
"one_representative",0.7,2,"Hamming balls","same-target credible region","top centers, r=0:5",0.02,0.001,0.001,1,FALSE,"fit",0.0201105380597375,0.0041506555330438,0.00309319530145724,1.33226762955019e-15,0.001,5.28374846828589,155.147771887349,23,6.82725987165937,23,31,0.107545774582373,0.105187658556726,"max_iter_reached",120,0.000147657356773273,0.0248333333333333,0,0,0,0,-Inf,"unfloored empirical",0.1400000000001
"one_representative",0.7,2,"Group-Hamming balls","same-target credible region","top group centers, r=0:3",0.02,0.001,0.001,1,FALSE,"fit",0.0199249218563535,0.00248309586674903,0.00220815574166293,7.7715611723761e-16,0.001,5.20229630475225,114.687289819984,19,5.97040589032482,19,21,0.10430363775781,0.0859826642347925,"max_iter_reached",120,0.000152756389617259,0.264166666666667,0,0,0,0,-Inf,"unfloored empirical",0.129999999999882
"one_representative",0.7,3,"Hamming balls","same-target credible region","top centers, r=0:5",0.02,0.001,0.001,1,FALSE,"fit",0.0326164044499462,0.00675123727322522,0.00572939399839956,1.66533453693773e-15,0.001,5.72500000958554,177.378012921031,25,6.91365204425583,25,31,0.118887662548513,0.105891195670195,"max_iter_reached",120,0.000125788742063745,0.0458888888888889,0,0,0,0,-Inf,"unfloored empirical",0.170000000000073
"one_representative",0.7,3,"Group-Hamming balls","same-target credible region","top group centers, r=0:3",0.02,0.001,0.001,1,FALSE,"fit",0.0218606552519262,0.00304816145460696,0.00263121496958112,1.4432899320127e-15,0.001,5.21916097840463,122.302410336825,20,5.14329201625658,20,21,0.105282865434622,0.0718529877104825,"max_iter_reached",120,0.000159160968337083,0.125055555555556,0,0,0,0,-Inf,"unfloored empirical",0.1099999999999
"one_representative",0.9,1,"Hamming balls","same-target credible region","top centers, r=0:5",0.02,0.001,0.001,1,FALSE,"fit",0.0509751295929935,0.0295737821468838,0.0185854709807501,1.55431223447522e-15,0.00938341469092558,6.55088606329792,158.147771887349,23,6.91520501277568,23,31,0.158275898819416,0.108661403256483,"max_iter_reached",120,5.65798075017054e-05,0.0513888888888889,0,0,0,0,-Inf,"unfloored empirical",0.220000000000027
"one_representative",0.9,1,"Group-Hamming balls","same-target credible region","top group centers, r=0:3",0.02,0.001,0.001,1,FALSE,"fit",0.0167290656557794,0.00178529548747863,0.00162332617448428,2.66453525910038e-15,0.001,5.20667900850392,122.302410336825,20,8.04224720326495,20,21,0.103494261876367,0.0786425319749455,"max_iter_reached",120,0.000135613570465251,0.837444444444443,0,0,0,0,-Inf,"unfloored empirical",0.169999999999845
"one_representative",0.9,2,"Hamming balls","same-target credible region","top centers, r=0:5",0.02,0.001,0.001,1,FALSE,"fit",0.0936792939993903,0.0536509110800119,0.0377043923193309,3.88578058618805e-15,0.0708475817058912,7.44901288342933,124.072169303143,18,6.03580327510068,18,31,0.200443394169721,0.21180730673734,"max_iter_reached",120,3.46999818949811e-05,0.0218888888888889,0,0,0,0,-Inf,"unfloored empirical",0.440000000000055
"one_representative",0.9,2,"Group-Hamming balls","same-target credible region","top group centers, r=0:3",0.02,0.001,0.001,1,FALSE,"fit",0.0155518487234772,0.00245939981611858,0.00192864284257703,7.32747196252603e-15,0.001,5.22092479929733,108.072169303143,18,5.46150792191854,18,21,0.104754838079626,0.0860705879761983,"max_iter_reached",120,0.000152318458114545,0.539111111111112,0,0,0,0,-Inf,"unfloored empirical",0.339999999999918
"one_representative",0.9,3,"Hamming balls","same-target credible region","top centers, r=0:5",0.02,0.001,0.001,1,FALSE,"fit",0.0815345632125298,0.0500852570830531,0.0334535134201835,3.44169137633799e-15,0.0516665962444576,7.08420258762135,136.687289819984,19,4.71012621280295,19,31,0.189730079289758,0.194408288481039,"max_iter_reached",120,4.49516981229081e-05,0.0197222222222222,0,0,0,0,-Inf,"unfloored empirical",0.410000000000082
"one_representative",0.9,3,"Group-Hamming balls","same-target credible region","top group centers, r=0:3",0.02,0.001,0.001,1,FALSE,"fit",0.0172019817496373,0.00355783598547098,0.00216992381282747,6.43929354282591e-15,0.001,5.21845314464589,114.687289819984,19,6.29361073847957,19,21,0.105684378957988,0.084829396367206,"max_iter_reached",120,0.000148295186560565,0.645333333333334,0,0,0,0,-Inf,"unfloored empirical",0.289999999999964
"ordered_interval",0.7,1,"Hamming balls","same-target credible region","top centers, r=0:5",0.02,0.001,0.001,1,FALSE,"fit",0.0202224586944482,0.00251605887754166,0.00227098279309888,2.88657986402541e-15,0.001,5.1688731794144,163.76289240419,24,6.33869256205439,24,31,0.103657636498821,0.119623470689198,"max_iter_reached",120,0.00017161396991279,0.0397777777777778,0,0,0,0,-Inf,"unfloored empirical",0.170000000000073
"ordered_interval",0.7,1,"Group-Hamming balls","same-target credible region","top group centers, r=0:3",0.02,0.001,0.001,1,FALSE,"fit",0.0170930923050322,0.0016856777371582,0.00153006962135242,3.10862446895044e-15,0.001,5.19826607016162,122.302410336825,20,6.39138298378499,20,21,0.103416206048013,0.0739605481322994,"max_iter_reached",120,0.000137281444268278,0.0606666666666667,0,0,0,0,-Inf,"unfloored empirical",0.130000000000109
"ordered_interval",0.7,2,"Hamming balls","same-target credible region","top centers, r=0:5",0.02,0.001,0.001,1,FALSE,"fit",0.0191051415466099,0.00328576605031291,0.00263460537187692,4.77395900588817e-15,0.001,5.22347625860664,143.532651370508,22,6.36376784743097,22,31,0.10552436862997,0.124749337000472,"max_iter_reached",120,0.000154644709862983,0.0141111111111111,0,0,0,0,-Inf,"unfloored empirical",0.190000000000055
"ordered_interval",0.7,2,"Group-Hamming balls","same-target credible region","top group centers, r=0:3",0.02,0.001,0.001,1,FALSE,"fit",0.0209688730217133,0.00475656767958734,0.0029360673058244,4.88498130835069e-15,0.001,5.19435045025928,107.072169303143,18,4.83110259783781,18,21,0.106634098766291,0.0766297759362107,"max_iter_reached",120,0.000136386306623132,0.0206111111111111,0,0,0,0,-Inf,"unfloored empirical",0.129999999999882
"ordered_interval",0.7,3,"Hamming balls","same-target credible region","top centers, r=0:5",0.02,0.001,0.001,1,FALSE,"fit",0.0186964145224462,0.00206272218043534,0.001887362296362,4.55191440096314e-15,0.001,5.18258959399328,152.147771887349,23,6.23922374612209,23,31,0.103499788484887,0.122892193100897,"max_iter_reached",120,0.000161892929429516,0.0269444444444444,0,0,0,0,-Inf,"unfloored empirical",0.190000000000055
"ordered_interval",0.7,3,"Group-Hamming balls","same-target credible region","top group centers, r=0:3",0.02,0.001,0.001,1,FALSE,"fit",0.0205662441814131,0.00491322387419849,0.00368810954150869,4.32986979603811e-15,0.001,5.04830119776081,100.457048786301,17,3.22948630337933,17,21,0.104266320904244,0.0771627032282698,"max_iter_reached",120,0.000104431829271209,0.0321111111111111,0,0,0,0,-Inf,"unfloored empirical",0.150000000000091
"ordered_interval",0.9,1,"Hamming balls","same-target credible region","top centers, r=0:5",0.02,0.001,0.001,1,FALSE,"fit",0.017973784207729,0.00179076663495425,0.00163882203393245,6.55031584528842e-15,0.001,5.18322717092669,145.532651370508,22,6.40674230784255,22,31,0.103226863771196,0.122069690197219,"max_iter_reached",120,0.000158725146062091,0.0095,0,0,0,0,-Inf,"unfloored empirical",0.210000000000036
"ordered_interval",0.9,1,"Group-Hamming balls","same-target credible region","top group centers, r=0:3",0.02,0.001,0.001,1,FALSE,"fit",0.0171427818647285,0.00208844000953864,0.00183896756011506,6.55031584528842e-15,0.001,5.13150983179529,100.457048786301,17,5.37016014643518,17,21,0.102639895664442,0.0809342877136483,"max_iter_reached",120,0.000127905765893402,0.0232222222222222,0,0,0,0,-Inf,"unfloored empirical",0.150000000000091
"ordered_interval",0.9,2,"Hamming balls","same-target credible region","top centers, r=0:5",0.02,0.001,0.001,1,FALSE,"fit",0.0201147967296421,0.00361495966845028,0.00284051567495397,7.99360577730113e-15,0.001,5.28837957525617,133.302410336825,20,5.77760990081836,20,31,0.10724868882637,0.113976731760882,"max_iter_reached",120,0.000148134153611243,0.0253333333333333,0,0,0,0,-Inf,"unfloored empirical",0.259999999999991
"ordered_interval",0.9,2,"Group-Hamming balls","same-target credible region","top group centers, r=0:3",0.02,0.001,0.001,1,FALSE,"fit",0.0166073527070025,0.00629569679414862,0.00305782598921277,8.10462807976364e-15,0.001,5.09565503432033,94.8419282694602,16,3.29628035965042,16,21,0.106556989915886,0.0782513362656864,"max_iter_reached",120,9.66652070475693e-05,0.061,0,0,0,0,-Inf,"unfloored empirical",0.199999999999818
"ordered_interval",0.9,3,"Hamming balls","same-target credible region","top centers, r=0:5",0.02,0.001,0.001,1,FALSE,"fit",0.0180040585293829,0.00232032030058375,0.00197997713528143,7.7715611723761e-15,0.001,5.17547021552041,145.532651370508,22,6.24045803540783,22,31,0.103625640490568,0.113682993662509,"max_iter_reached",120,0.000154735504917181,0.0105,0,0,0,0,-Inf,"unfloored empirical",0.210000000000036
"ordered_interval",0.9,3,"Group-Hamming balls","same-target credible region","top group centers, r=0:3",0.02,0.001,0.001,1,FALSE,"fit",0.0174102414460868,0.00334607732482143,0.00230914766347869,7.66053886991358e-15,0.001,5.16680806515683,100.457048786301,17,5.49858844707492,17,21,0.104575698065607,0.080983145517613,"max_iter_reached",120,0.000122338587356816,0.0286111111111111,0,0,0,0,-Inf,"unfloored empirical",0.180000000000064
"weak_signal",0.7,1,"Hamming balls","same-target credible region","top centers, r=0:5",0.02,0.001,0.001,1,FALSE,"fit",0.0226965142200993,0.0114060531263818,0.00568069838199085,5.32907051820075e-15,0.0055094485609722,5.47737007239729,129.302410336825,20,4.08340313020713,20,31,0.11911739165649,0.118812695059762,"max_iter_reached",120,0.000112240540111733,0.0257777777777778,0,0,0,0,-Inf,"unfloored empirical",0.329999999999927
"weak_signal",0.7,1,"Group-Hamming balls","same-target credible region","top group centers, r=0:3",0.02,0.001,0.001,1,FALSE,"fit",0.0185664285111926,0.00702589377632701,0.00360154668973471,4.77395900588817e-15,0.00224518569146296,5.11555400273821,100.457048786301,17,3.08001721296991,17,21,0.107695767148989,0.086607162362264,"max_iter_reached",120,0.000131617700215109,0.0462777777777778,0,0,0,0,-Inf,"unfloored empirical",0.230000000000018
"weak_signal",0.7,2,"Hamming balls","same-target credible region","top centers, r=0:5",0.02,0.001,0.001,1,FALSE,"fit",0.0599944909298617,0.0436690091066207,0.0259906836507044,5.55111512312578e-15,0.0604043024748893,7.56877478383589,112.457048786301,17,5.22469606108812,17,31,0.193000733306142,0.101558004363901,"max_iter_reached",120,3.92972390031443e-05,0.0334444444444444,0,0,0,0,-Inf,"unfloored empirical",0.360000000000127
"weak_signal",0.7,2,"Group-Hamming balls","same-target credible region","top group centers, r=0:3",0.02,0.001,0.001,1,FALSE,"fit",0.0462521010371144,0.0224027515137526,0.0134634834263082,4.9960036108132e-15,0.00812223445330108,5.58458005815349,98.8419282694602,16,4.31560934202527,16,21,0.13217663443795,0.105191107093628,"max_iter_reached",120,9.18617915477149e-05,0.0575555555555556,0,0,0,0,-Inf,"unfloored empirical",0.279999999999745
"weak_signal",0.7,3,"Hamming balls","same-target credible region","top centers, r=0:5",0.02,0.001,0.001,1,FALSE,"fit",0.0330388566153658,0.0159444063244387,0.0104364799555027,8.32667268468867e-15,0.001,6.12434779344515,139.917530853666,21,5.06433287369544,21,31,0.136465601439287,0.110098818814222,"max_iter_reached",120,7.84374450907566e-05,0.0283888888888889,0,0,0,0,-Inf,"unfloored empirical",0.379999999999654
"weak_signal",0.7,3,"Group-Hamming balls","same-target credible region","top group centers, r=0:3",0.02,0.001,0.001,1,FALSE,"fit",0.0196175508455838,0.00729185921867865,0.00420299174728988,9.43689570931383e-15,0.00139142985064091,5.19704704549266,108.072169303143,18,3.2980993001888,18,21,0.109507324456215,0.0863757175504496,"max_iter_reached",120,0.000170317366835468,0.0917777777777778,0,0,0,0,-Inf,"unfloored empirical",0.300000000000182
"weak_signal",0.9,1,"Hamming balls","same-target credible region","top centers, r=0:5",0.02,0.001,0.001,1,FALSE,"fit",0.0819625977461966,0.0563115210238487,0.0375052780905805,3.04201108747293e-14,0.164265846721988,8.32539242489624,75.7663256852539,11,2.76749763721262,11,31,0.22127275934792,0.124774082000211,"max_iter_reached",120,3.52633203481723e-05,0.0141666666666667,0,0,0,0,-Inf,"unfloored empirical",0.7800000000002
"weak_signal",0.9,1,"Group-Hamming balls","same-target credible region","top group centers, r=0:3",0.02,0.001,0.001,1,FALSE,"fit",0.0498450011107588,0.0264092788360588,0.0158862464964266,3.29736238313671e-14,0.0159336394883987,6.33212317032191,73.3814462020951,12,4.1482466612999,12,21,0.151331795420001,0.0975297432923399,"max_iter_reached",120,8.22375430521438e-05,0.0455,0,0,0,0,-Inf,"unfloored empirical",0.539999999999964
"weak_signal",0.9,2,"Hamming balls","same-target credible region","top centers, r=0:5",0.02,0.001,0.001,1,FALSE,"fit",0.0828524376299189,0.0527951667878469,0.0349643464643027,3.31956684362922e-14,0.109574054879391,8.05399881571747,85.3814462020951,12,5.02787308577998,12,31,0.2118971177898,0.12727370330739,"max_iter_reached",120,3.38468642744616e-05,0.0278333333333333,0,0,0,0,-Inf,"unfloored empirical",0.849999999999909
"weak_signal",0.9,2,"Group-Hamming balls","same-target credible region","top group centers, r=0:3",0.02,0.001,0.001,1,FALSE,"fit",0.0339690502245162,0.0397741562976585,0.0190946338416248,4.05231403988182e-14,0.0857123441161528,6.31396830886951,88.2268077526189,15,2.83603778740126,15,21,0.164394076561078,0.0852931377264993,"max_iter_reached",120,0.000117882602420544,0.0530555555555556,0,0,0,0,-Inf,"unfloored empirical",0.509999999999764
"weak_signal",0.9,3,"Hamming balls","same-target credible region","top centers, r=0:5",0.02,0.001,0.001,1,FALSE,"fit",0.127001498502852,0.0587521485295031,0.0505040722528799,2.54241072639161e-14,0.382873389770955,11.1507741996155,106.611687235778,14,3.72142886776375,14,31,0.280053603604206,0.218090888925874,"max_iter_reached",120,1.53664486804983e-05,0.00916666666666667,0,0,0,0,-Inf,"unfloored empirical",1.09999999999991
"weak_signal",0.9,3,"Group-Hamming balls","same-target credible region","top group centers, r=0:3",0.02,0.001,0.001,1,FALSE,"fit",0.059177323253348,0.0369131720795555,0.0223131301772733,3.73034936274053e-14,0.0248132878768906,6.18638444402722,80.9965667189364,13,3.68280141050505,13,21,0.158982578571139,0.117600530916548,"max_iter_reached",120,7.71906631071295e-05,0.101611111111111,0,0,0,0,-Inf,"unfloored empirical",0.799999999999727
