"method","method_family","tuning","beta","tv","fkl","rkl","mean_h_error","q0","expected_code","active_kernels_001","q_effective_kernels","n_kernels","stored_atoms","objective","rmse","logscore","rmse_gap","logscore_gap","kkt_residual","optimizer_status","optimizer_iterations","objective_change","raw_candidates","key_deduped_candidates","near_deduped_candidates","objective_consistent","runtime_sec","status","error","dataset","response","replication_id","mode","p_reduced","n_train","n_test","reference_type","reference_supports","reference_support_entropy","reference_support_n95"
"ASK-PC pooled union","support-kernel compression","beta=0.02",0.02,0.0747444417352118,0.0232634593366616,0.0221695292855213,2.22044604925031e-16,0.001,6.3791037199432,38,17.0001446275863,343,NA,0.148012311884002,3.92756681877755,-2.84401242478146,-0.000680884728944342,-0.000384786087223254,0.0263815140027119,"embedded_pruned_feasible_solution",0,0,495,474,343,TRUE,NA,"ok",NA,"tecator","fat",1,"full",12,162,53,"exact enumerated reduced real-response BMA",4096,4.6071649189671,291
"ASK-PC pooled-pruned 99%","support-kernel compression","beta=0.02",0.02,0.0747444417352118,0.0232634593366616,0.0221695292855213,2.22044604925031e-16,0.001,6.3791037199432,38,17.0001446275863,39,NA,0.148012311884002,3.92756681877755,-2.84401242478146,-0.000680884728944342,-0.000384786087223254,0.00616838792878593,"max_iter_reached",120,5.3573600472534e-07,495,474,343,TRUE,NA,"ok",NA,"tecator","fat",1,"full",12,162,53,"exact enumerated reduced real-response BMA",4096,4.6071649189671,291
"Fixed hard dictionary","fixed region dictionary","beta=0.02",0.02,0.154309105544265,0.0714609865605297,0.0894765233248382,0,0.82290499132082,37.0113482406323,10,2.12807483696669,49,NA,0.81093285781782,3.91342108940248,-2.84263540701021,-0.0148266141040123,0.000992231684025402,0.284315154339447,"objective_converged_kkt_warning",104,1.79503834518702e-06,NA,NA,NA,NA,NA,"ok",NA,"tecator","fat",1,"full",12,162,53,"exact enumerated reduced real-response BMA",4096,4.6071649189671,291
"Top-M support atoms","atom truncation","M=16, beta=0.02",0.02,0.290490784275953,0.221915501468841,0.187442712578158,0,0.381619562512978,30.9557253273209,17,8.67403878177392,17,16,0.83886967349882,3.91214147308744,-2.84019130373054,-0.0161062304190511,0.00343633496368945,0.00557374300131097,"objective_converged_kkt_warning",37,1.43789500417491e-06,NA,NA,NA,NA,NA,"ok",NA,"tecator","fat",1,"full",12,162,53,"exact enumerated reduced real-response BMA",4096,4.6071649189671,291
"Top-M support atoms","atom truncation","M=32, beta=0.02",0.02,0.247644705984934,0.218616770040101,0.164378094559947,0,0.298049389041713,27.032648761377,33,14.6373864246968,33,32,0.756586166297949,3.90953755615195,-2.84035163244419,-0.0187101473545384,0.00327600625004232,0.00510955423178672,"objective_converged_kkt_warning",36,1.04883939522349e-06,NA,NA,NA,NA,NA,"ok",NA,"tecator","fat",1,"full",12,162,53,"exact enumerated reduced real-response BMA",4096,4.6071649189671,291
"Credible support set","credible support summary","coverage=0.9, beta=0.02",0.02,0.0911326327181314,0.146378499456807,0.0730333468011794,0,0.0994046255443122,18.4066050604267,132,52.8382707911409,177,176,0.510543364911597,3.91996844339364,-2.84222368037477,-0.00827926011284852,0.00140395831946361,0.00663548265592073,"objective_converged_kkt_warning",32,7.13922655215526e-07,NA,NA,NA,NA,NA,"ok",NA,"tecator","fat",1,"full",12,162,53,"exact enumerated reduced real-response BMA",4096,4.6071649189671,291
"Posterior clustering","posterior clustering","clusters=6, beta=0.02",0.02,0.0476908196965624,0.00638777960181165,0.00636715455953531,0,0.776125706942204,9.48122618430699,9,2.58384811729097,9,NA,0.195063023481897,3.92225548022888,-2.84263132214224,-0.00599222327761151,0.000996316551993282,0.0156858282288046,"max_iter_reached",120,8.46960879269387e-06,NA,NA,NA,NA,NA,"ok",NA,"tecator","fat",1,"full",12,162,53,"exact enumerated reduced real-response BMA",4096,4.6071649189671,291
"Posterior clustering","posterior clustering","clusters=10, beta=0.02",0.02,0.0704327882198626,0.0178278481545725,0.0173235764949635,0,0.341099751113452,8.68098755651906,14,8.77427774188159,14,NA,0.189275774827607,3.92515878338635,-2.84294146664928,-0.00308892012014406,0.00068617204495558,0.0265773716182532,"max_iter_reached",120,3.15282391867844e-05,NA,NA,NA,NA,NA,"ok",NA,"tecator","fat",1,"full",12,162,53,"exact enumerated reduced real-response BMA",4096,4.6071649189671,291
"ASK-PC pooled union","support-kernel compression","beta=0.08",0.08,0.167579020961712,0.0920360244327596,0.0891838801121692,0,0.001,4.55611225672481,12,6.76209267725539,343,NA,0.454613673067214,3.92528817210501,-2.84460173513909,-0.00295953140148075,-0.000974096444852801,0.0107045514326292,"objective_converged_kkt_warning",1,7.72119771452751e-08,495,474,343,TRUE,NA,"ok",NA,"tecator","fat",1,"full",12,162,53,"exact enumerated reduced real-response BMA",4096,4.6071649189671,291
"ASK-PC pooled-pruned 99%","support-kernel compression","beta=0.08",0.08,0.169362586895531,0.0933970861937348,0.0906592384053098,0,0.001,4.54284830572509,11,6.38818013635874,11,NA,0.454970501222608,3.92531660271556,-2.84463143874239,-0.00293110079092784,-0.00100380004815692,0.00543087482862925,"max_iter_reached",120,4.50467462276283e-07,495,474,343,TRUE,NA,"ok",NA,"tecator","fat",1,"full",12,162,53,"exact enumerated reduced real-response BMA",4096,4.6071649189671,291
"Fixed hard dictionary","fixed region dictionary","beta=0.08",0.08,0.369588901412284,0.322889722283092,0.454194569013206,0,0.271981041859525,14.3040941615192,11,5.57055017549775,49,NA,2.21559091919896,3.8970248350808,-2.84202160153965,-0.031222868425695,0.0016060371545783,0.343404059208349,"max_iter_reached",120,1.96514886967591e-05,NA,NA,NA,NA,NA,"ok",NA,"tecator","fat",1,"full",12,162,53,"exact enumerated reduced real-response BMA",4096,4.6071649189671,291
"Top-M support atoms","atom truncation","M=16, beta=0.08",0.08,0.414373975190085,0.721290973196692,0.470160927491632,0,0.117903995818801,18.2952121083445,17,11.1646819925795,17,16,2.18249518646189,3.90187869310461,-2.83881112326534,-0.0263690104018766,0.00481651542889638,0.00789570893170888,"objective_converged_kkt_warning",38,2.48695982651981e-06,NA,NA,NA,NA,NA,"ok",NA,"tecator","fat",1,"full",12,162,53,"exact enumerated reduced real-response BMA",4096,4.6071649189671,291
"Top-M support atoms","atom truncation","M=32, beta=0.08",0.08,0.324166448295692,0.618358408148379,0.357684988813857,0,0.0891634083084489,16.8548334558077,33,19.0174827036582,33,32,1.9637997259146,3.90245020934447,-2.83994845079337,-0.0257974941620169,0.00367918790086508,0.00768915763949884,"objective_converged_kkt_warning",36,1.83247077822912e-06,NA,NA,NA,NA,NA,"ok",NA,"tecator","fat",1,"full",12,162,53,"exact enumerated reduced real-response BMA",4096,4.6071649189671,291
"Credible support set","credible support summary","coverage=0.9, beta=0.08",0.08,0.141941165467461,0.294573997188948,0.121181758694639,0,0.026681785235588,14.6198047667132,128,52.2414722439981,177,176,1.46020250185912,3.91818435060462,-2.84254575999012,-0.0100633529018674,0.00108187870411403,0.0271133041284002,"objective_converged_kkt_warning",33,2.2933014447446e-06,NA,NA,NA,NA,NA,"ok",NA,"tecator","fat",1,"full",12,162,53,"exact enumerated reduced real-response BMA",4096,4.6071649189671,291
"Posterior clustering","posterior clustering","clusters=6, beta=0.08",0.08,0.155045232021888,0.0669497133782651,0.0674468076247699,0,0.434077572013483,8.2754853333564,9,5.7205101384632,9,NA,0.727244482060317,3.90717100057823,-2.84049068216129,-0.0210767029282652,0.00313695653294399,0.019198710317644,"max_iter_reached",120,6.79750505006016e-06,NA,NA,NA,NA,NA,"ok",NA,"tecator","fat",1,"full",12,162,53,"exact enumerated reduced real-response BMA",4096,4.6071649189671,291
"Posterior clustering","posterior clustering","clusters=10, beta=0.08",0.08,0.136827175524287,0.0707941819333527,0.0658400997438657,0,0.0137079210199988,7.47500631578569,14,9.44083925760108,14,NA,0.666549642315596,3.92516032624612,-2.84309073107682,-0.00308737726037256,0.000536907617409099,0.0347535460579161,"max_iter_reached",120,2.18767824102795e-05,NA,NA,NA,NA,NA,"ok",NA,"tecator","fat",1,"full",12,162,53,"exact enumerated reduced real-response BMA",4096,4.6071649189671,291
"Dilution-prior BMA","redundancy-aware prior","power=0.5",NA,0.902487639029811,8.215465801683,3.86006911226952,0,NA,9,NA,NA,NA,9,NA,3.97368278003551,-2.86357217099431,0.0454350765290203,-0.0199445323000824,NA,NA,NA,NA,NA,NA,NA,NA,NA,"ok",NA,"tecator","fat",1,"full",12,162,53,"exact enumerated reduced real-response BMA",4096,4.6071649189671,291
"DPP-prior BMA","redundancy-aware prior","power=1",NA,0.984460994550029,18.929162003816,4.520545734948,0,NA,3,NA,NA,NA,3,NA,3.97808327365493,-2.86519532982266,0.0498355701484368,-0.0215676911284248,NA,NA,NA,NA,NA,NA,NA,NA,NA,"ok",NA,"tecator","fat",1,"full",12,162,53,"exact enumerated reduced real-response BMA",4096,4.6071649189671,291
"Lasso","predictive selection","alpha=1, lambda.min",NA,NA,NA,NA,NA,NA,10,NA,NA,NA,10,NA,3.29160038877868,-2.62880514715832,-0.636647314727814,0.214822491535916,NA,NA,NA,NA,NA,NA,NA,NA,0.120000000000005,"ok",NA,"tecator","fat",1,"full",12,162,53,"exact enumerated reduced real-response BMA",4096,4.6071649189671,291
"Elastic net","predictive selection","alpha=0.5, lambda.min",NA,NA,NA,NA,NA,NA,11,NA,NA,NA,11,NA,3.23379669999895,-2.6032330373617,-0.694451003507538,0.240394601332534,NA,NA,NA,NA,NA,NA,NA,NA,0.0800000000000125,"ok",NA,"tecator","fat",1,"full",12,162,53,"exact enumerated reduced real-response BMA",4096,4.6071649189671,291
"Group lasso","predictive selection","group lasso, lambda.min",NA,NA,NA,NA,NA,NA,5,NA,NA,NA,5,NA,3.47279546620205,-2.69386530803576,-0.455452237304443,0.149762330658474,NA,NA,NA,NA,NA,NA,NA,NA,0.219999999999999,"ok",NA,"tecator","fat",1,"full",12,162,53,"exact enumerated reduced real-response BMA",4096,4.6071649189671,291
"ASK-PC pooled union","support-kernel compression","beta=0.02",0.02,0.0670236787370402,0.0158392723737581,0.0152732590631915,0,0.001,6.05486549269017,35,14.5684262502352,411,NA,0.13425772562621,0.208035729593158,-0.113490136476926,0.00177049565082973,-0.00510736450129518,0.378742388683877,"embedded_pruned_feasible_solution",0,0,505,490,411,TRUE,NA,"ok",NA,"gasoline","octane",1,"full",12,45,15,"exact enumerated reduced real-response BMA",4096,4.32034239826923,257
"ASK-PC pooled-pruned 99%","support-kernel compression","beta=0.02",0.02,0.0670236787370402,0.0158392723737581,0.0152732590631915,0,0.001,6.05486549269017,35,14.5684262502352,39,NA,0.13425772562621,0.208035729593158,-0.113490136476926,0.00177049565082973,-0.00510736450129518,0.00796310104215492,"max_iter_reached",120,9.66130960872169e-07,505,490,411,TRUE,NA,"ok",NA,"gasoline","octane",1,"full",12,45,15,"exact enumerated reduced real-response BMA",4096,4.32034239826923,257
"Fixed hard dictionary","fixed region dictionary","beta=0.02",0.02,0.058523498508364,0.0275766751282961,0.0394145999905326,0,0.939400369166053,40.9319082382126,10,1.43572628681916,49,NA,0.845855475308275,0.206042157355054,-0.114632442355908,-0.000223076587274829,-0.00624967038027742,0.312677711687885,"objective_converged_kkt_warning",98,1.80277196470957e-06,NA,NA,NA,NA,NA,"ok",NA,"gasoline","octane",1,"full",12,45,15,"exact enumerated reduced real-response BMA",4096,4.32034239826923,257
"Top-M support atoms","atom truncation","M=16, beta=0.02",0.02,0.270771131337617,0.226125879425676,0.178037867284476,0,0.328837176171413,27.7871146978914,17,9.1129512874545,17,16,0.779658476763395,0.214215817220977,-0.111289618531384,0.00795058327864812,-0.00290684655575352,0.00636486121435303,"objective_converged_kkt_warning",36,1.57347934148788e-06,NA,NA,NA,NA,NA,"ok",NA,"gasoline","octane",1,"full",12,45,15,"exact enumerated reduced real-response BMA",4096,4.32034239826923,257
"Top-M support atoms","atom truncation","M=32, beta=0.02",0.02,0.215387237107534,0.21352756630575,0.147601320434458,0,0.245347277725105,24.0259196064637,33,15.0268596003152,33,32,0.691336119195186,0.213016077778592,-0.109894081942026,0.00675084383626373,-0.00151130996639562,0.00479448011446615,"objective_converged_kkt_warning",35,8.86625784235484e-07,NA,NA,NA,NA,NA,"ok",NA,"gasoline","octane",1,"full",12,45,15,"exact enumerated reduced real-response BMA",4096,4.32034239826923,257
"Credible support set","credible support summary","coverage=0.9, beta=0.02",0.02,0.0901287125440466,0.147681821754628,0.0729500812469696,0,0.0972036699792883,17.3890587604766,119,38.9125967765442,139,138,0.491801678941365,0.208900930369365,-0.108751864171307,0.00263569642703682,-0.00036909219567656,0.00916400184728317,"objective_converged_kkt_warning",32,8.99768830442405e-07,NA,NA,NA,NA,NA,"ok",NA,"gasoline","octane",1,"full",12,45,15,"exact enumerated reduced real-response BMA",4096,4.32034239826923,257
"Posterior clustering","posterior clustering","clusters=6, beta=0.02",0.02,0.080559863916597,0.0177308678170404,0.0171752322203165,0,0.608303551359592,8.17383958633525,11,3.50466414162887,11,NA,0.179953564850495,0.208092629853579,-0.110801553057812,0.00182739591125042,-0.00241878108218123,0.0520644519662558,"max_iter_reached",120,3.63680267993771e-05,NA,NA,NA,NA,NA,"ok",NA,"gasoline","octane",1,"full",12,45,15,"exact enumerated reduced real-response BMA",4096,4.32034239826923,257
"Posterior clustering","posterior clustering","clusters=10, beta=0.02",0.02,0.0530466322397769,0.0128656998088056,0.0121110432465909,0,0.0264331394365363,7.26514202710674,19,11.3460911151587,19,NA,0.15573966706147,0.206551240102922,-0.109141991667574,0.000286006160592989,-0.000759219691943494,0.0408775469551541,"max_iter_reached",120,3.1586604441719e-05,NA,NA,NA,NA,NA,"ok",NA,"gasoline","octane",1,"full",12,45,15,"exact enumerated reduced real-response BMA",4096,4.32034239826923,257
"ASK-PC pooled union","support-kernel compression","beta=0.08",0.08,0.14926161214723,0.075599855851745,0.0720949733347516,0,0.001,4.47439043538515,10,6.18556465827971,411,NA,0.431728872386087,0.209668539287059,-0.121931754972027,0.0034033053447301,-0.0135489829963966,0.021708296004098,"embedded_pruned_feasible_solution",0,0,505,490,411,TRUE,NA,"ok",NA,"gasoline","octane",1,"full",12,45,15,"exact enumerated reduced real-response BMA",4096,4.32034239826923,257
"ASK-PC pooled-pruned 99%","support-kernel compression","beta=0.08",0.08,0.14926161214723,0.075599855851745,0.0720949733347516,0,0.001,4.47439043538515,10,6.18556465827971,11,NA,0.431728872386087,0.209668539287059,-0.121931754972027,0.0034033053447301,-0.0135489829963966,0.0122444950004942,"objective_converged_kkt_warning",2,1.13500058518401e-07,505,490,411,TRUE,NA,"ok",NA,"gasoline","octane",1,"full",12,45,15,"exact enumerated reduced real-response BMA",4096,4.32034239826923,257
"Fixed hard dictionary","fixed region dictionary","beta=0.08",0.08,0.402049731964937,0.467598436245528,1.43885879938292,0,0.307851934323705,16.0561283095212,20,10.1407604565653,49,NA,2.38964876478238,0.218160232084399,-0.185334393574783,0.01189499814207,-0.0769516215991524,0.315277922707126,"max_iter_reached",120,1.77234364175938e-05,NA,NA,NA,NA,NA,"ok",NA,"gasoline","octane",1,"full",12,45,15,"exact enumerated reduced real-response BMA",4096,4.32034239826923,257
"Top-M support atoms","atom truncation","M=16, beta=0.08",0.08,0.363258648903122,0.66108004336393,0.386758669270969,0,0.0995875395816025,16.6432692891897,17,10.2932771543556,17,16,1.99021009552043,0.219177209059474,-0.117156869756028,0.0129119751171451,-0.00877409778039673,0.00588477652050434,"objective_converged_kkt_warning",36,2.00584448850627e-06,NA,NA,NA,NA,NA,"ok",NA,"gasoline","octane",1,"full",12,45,15,"exact enumerated reduced real-response BMA",4096,4.32034239826923,257
"Top-M support atoms","atom truncation","M=32, beta=0.08",0.08,0.2659127781733,0.541059014521976,0.274506265168341,0,0.071643722444387,15.5688843525108,33,16.3035076984181,33,32,1.78377838244196,0.216215877753664,-0.114265189192731,0.0099506438113352,-0.00588241721709999,0.00773394587481616,"objective_converged_kkt_warning",34,1.82864581788067e-06,NA,NA,NA,NA,NA,"ok",NA,"gasoline","octane",1,"full",12,45,15,"exact enumerated reduced real-response BMA",4096,4.32034239826923,257
"Credible support set","credible support summary","coverage=0.9, beta=0.08",0.08,0.135896110641309,0.289846882899748,0.113901206426266,0,0.0260478406656421,13.7214083611557,119,36.7570950997087,139,138,1.38395522052124,0.210596745234632,-0.114047880864771,0.00433151129230377,-0.00566510888914033,0.0273214177328269,"objective_converged_kkt_warning",33,1.98132005668761e-06,NA,NA,NA,NA,NA,"ok",NA,"gasoline","octane",1,"full",12,45,15,"exact enumerated reduced real-response BMA",4096,4.32034239826923,257
"Posterior clustering","posterior clustering","clusters=6, beta=0.08",0.08,0.222121298690192,0.144187983832516,0.122602834449569,0,0.0733937273737553,5.00503306780383,5,1.91435977244454,11,NA,0.543941246012571,0.20953214943816,-0.114983468507866,0.00326691549583094,-0.0066006965322353,0.169776976165794,"max_iter_reached",120,4.86873413294564e-05,NA,NA,NA,NA,NA,"ok",NA,"gasoline","octane",1,"full",12,45,15,"exact enumerated reduced real-response BMA",4096,4.32034239826923,257
"Posterior clustering","posterior clustering","clusters=10, beta=0.08",0.08,0.111064417960015,0.0428920888139689,0.0397056144822232,0,0.001,6.49529323568634,16,7.7283690202762,19,NA,0.560470649822034,0.207295426414245,-0.111623129940983,0.00103019247191613,-0.00324035796535242,0.0889538420305452,"max_iter_reached",120,4.10262025565267e-05,NA,NA,NA,NA,NA,"ok",NA,"gasoline","octane",1,"full",12,45,15,"exact enumerated reduced real-response BMA",4096,4.32034239826923,257
"Dilution-prior BMA","redundancy-aware prior","power=0.5",NA,0.613326925171428,1.7177129349408,1.05974600249189,0,NA,63,NA,NA,NA,63,NA,0.218404655042024,-0.163736037022015,0.0121394210996955,-0.0553532650463839,NA,NA,NA,NA,NA,NA,NA,NA,NA,"ok",NA,"gasoline","octane",1,"full",12,45,15,"exact enumerated reduced real-response BMA",4096,4.32034239826923,257
"DPP-prior BMA","redundancy-aware prior","power=1",NA,0.770930043738392,4.95987742019317,2.29487202011533,0,NA,31,NA,NA,NA,31,NA,0.219700191227311,-0.21112258226969,0.0134349572849824,-0.102739810294059,NA,NA,NA,NA,NA,NA,NA,NA,NA,"ok",NA,"gasoline","octane",1,"full",12,45,15,"exact enumerated reduced real-response BMA",4096,4.32034239826923,257
"Lasso","predictive selection","alpha=1, lambda.min",NA,NA,NA,NA,NA,NA,9,NA,NA,NA,9,NA,0.186657390182518,0.247482462501482,-0.0196078437598107,0.355865234477113,NA,NA,NA,NA,NA,NA,NA,NA,0.0500000000000114,"ok",NA,"gasoline","octane",1,"full",12,45,15,"exact enumerated reduced real-response BMA",4096,4.32034239826923,257
"Elastic net","predictive selection","alpha=0.5, lambda.min",NA,NA,NA,NA,NA,NA,10,NA,NA,NA,10,NA,0.180003757014252,0.288343636967633,-0.0262614769280771,0.396726408943264,NA,NA,NA,NA,NA,NA,NA,NA,0.0500000000000114,"ok",NA,"gasoline","octane",1,"full",12,45,15,"exact enumerated reduced real-response BMA",4096,4.32034239826923,257
"Group lasso","predictive selection","group lasso, lambda.min",NA,NA,NA,NA,NA,NA,5,NA,NA,NA,5,NA,0.184868934326085,0.261410495429762,-0.0213962996162433,0.369793267405393,NA,NA,NA,NA,NA,NA,NA,NA,0.0600000000000023,"ok",NA,"gasoline","octane",1,"full",12,45,15,"exact enumerated reduced real-response BMA",4096,4.32034239826923,257
"ASK-PC pooled union","support-kernel compression","beta=0.02",0.02,0.078903546897078,0.0248090043837588,0.0236792267080969,0,0.001,6.32900651806338,34,14.3752514676435,343,NA,0.148723626665095,4.02645223668409,-2.85138353014712,-0.000713121609446254,-0.000363466417083291,0.0271929091358576,"embedded_pruned_feasible_solution",0,0,495,477,343,TRUE,NA,"ok",NA,"tecator","fat",2,"full",12,162,53,"exact enumerated reduced real-response BMA",4096,4.62907736019737,290
"ASK-PC pooled-pruned 99%","support-kernel compression","beta=0.02",0.02,0.078903546897078,0.0248090043837588,0.0236792267080969,0,0.001,6.32900651806338,34,14.3752514676435,35,NA,0.148723626665095,4.02645223668409,-2.85138353014712,-0.000713121609446254,-0.000363466417083291,0.00929651573575396,"max_iter_reached",120,7.31220021560341e-07,495,477,343,TRUE,NA,"ok",NA,"tecator","fat",2,"full",12,162,53,"exact enumerated reduced real-response BMA",4096,4.62907736019737,290
"Fixed hard dictionary","fixed region dictionary","beta=0.02",0.02,0.161889922544949,0.0747498392458256,0.0924027571174457,0,0.811759454804338,36.6636962468876,7,2.1902200075737,49,NA,0.807239789265788,4.01930893553536,-2.85103492057418,-0.00785642275817899,-1.48568441402652e-05,0.0946404737569108,"objective_converged_kkt_warning",112,1.79210689643661e-06,NA,NA,NA,NA,NA,"ok",NA,"tecator","fat",2,"full",12,162,53,"exact enumerated reduced real-response BMA",4096,4.62907736019737,290
"Top-M support atoms","atom truncation","M=16, beta=0.02",0.02,0.294520478237464,0.222137879050279,0.189860251034178,0,0.390633371241185,31.3214420985796,17,8.25071437918347,17,16,0.846456421233856,4.01105871842482,-2.84746690695517,-0.016106639868716,0.00355315677486878,0.00531153889713382,"objective_converged_kkt_warning",38,1.19883639748686e-06,NA,NA,NA,NA,NA,"ok",NA,"tecator","fat",2,"full",12,162,53,"exact enumerated reduced real-response BMA",4096,4.62907736019737,290
"Top-M support atoms","atom truncation","M=32, beta=0.02",0.02,0.255742913565092,0.219830346277078,0.16854569047293,0,0.311477844125474,27.6649623015272,33,13.7425208202393,33,32,0.770509097571844,4.01365350482507,-2.84826888413412,-0.0135118534684713,0.00275117959591142,0.00571977978806848,"objective_converged_kkt_warning",36,1.4228815149453e-06,NA,NA,NA,NA,NA,"ok",NA,"tecator","fat",2,"full",12,162,53,"exact enumerated reduced real-response BMA",4096,4.62907736019737,290
"Credible support set","credible support summary","coverage=0.9, beta=0.02",0.02,0.0907757422255459,0.146005752376868,0.0727780753666462,0,0.0993696545471215,18.4818220190265,139,54.1725319841166,182,181,0.511650018767374,4.0205347208162,-2.84975447004816,-0.0066306374773335,0.00126559368187129,0.00954406327810431,"objective_converged_kkt_warning",31,1.42682074077971e-06,NA,NA,NA,NA,NA,"ok",NA,"tecator","fat",2,"full",12,162,53,"exact enumerated reduced real-response BMA",4096,4.62907736019737,290
"Posterior clustering","posterior clustering","clusters=6, beta=0.02",0.02,0.0572192690345675,0.00959246272974735,0.00948484831871274,2.22044604925031e-16,0.686005695092909,9.20079070953897,10,3.55799074769077,10,NA,0.192339080931709,4.02686403833432,-2.85086993508784,-0.000301319959219448,0.000150128642196989,0.0263352513291367,"max_iter_reached",120,1.31326060746895e-05,NA,NA,NA,NA,NA,"ok",NA,"tecator","fat",2,"full",12,162,53,"exact enumerated reduced real-response BMA",4096,4.62907736019737,290
"Posterior clustering","posterior clustering","clusters=10, beta=0.02",0.02,0.0482611236953647,0.012170981305168,0.0110549691857436,0,0.36583195171499,9.02787477526401,17,7.50266826321844,17,NA,0.190713218084746,4.0228197291332,-2.85009099409472,-0.00434562916033254,0.000929069635320356,0.0262690622463732,"max_iter_reached",120,2.47549284706494e-05,NA,NA,NA,NA,NA,"ok",NA,"tecator","fat",2,"full",12,162,53,"exact enumerated reduced real-response BMA",4096,4.62907736019737,290
"ASK-PC pooled union","support-kernel compression","beta=0.08",0.08,0.165221868703724,0.089252735983347,0.087114168730047,0,0.001,4.53522293677456,9,4.97834850762862,343,NA,0.450465472714248,4.02644348748146,-2.85222630107149,-0.000721870812081526,-0.00120623734145253,0.0187131928496602,"embedded_pruned_feasible_solution",0,0,495,477,343,TRUE,NA,"ok",NA,"tecator","fat",2,"full",12,162,53,"exact enumerated reduced real-response BMA",4096,4.62907736019737,290
"ASK-PC pooled-pruned 99%","support-kernel compression","beta=0.08",0.08,0.165221868703724,0.089252735983347,0.087114168730047,0,0.001,4.53522293677456,9,4.97834850762862,10,NA,0.450465472714248,4.02644348748146,-2.85222630107149,-0.000721870812081526,-0.00120623734145253,0.00488374143939996,"objective_converged_kkt_warning",2,5.01859316881514e-08,495,477,343,TRUE,NA,"ok",NA,"tecator","fat",2,"full",12,162,53,"exact enumerated reduced real-response BMA",4096,4.62907736019737,290
"Fixed hard dictionary","fixed region dictionary","beta=0.08",0.08,0.378818657597137,0.332169974624376,0.454375393000438,0,0.26912220816767,14.304450779311,11,5.75836377561936,49,NA,2.20669184353582,4.01153651913948,-2.85156204176569,-0.0156288391540542,-0.000541978035658808,0.339368852337079,"max_iter_reached",120,1.88083052439225e-05,NA,NA,NA,NA,NA,"ok",NA,"tecator","fat",2,"full",12,162,53,"exact enumerated reduced real-response BMA",4096,4.62907736019737,290
"Top-M support atoms","atom truncation","M=16, beta=0.08",0.08,0.424811042331344,0.731267283549217,0.481161614004912,0,0.121060531090633,18.4113869508065,17,10.7448391633963,17,16,2.20180381405226,4.00081604752241,-2.84597845088173,-0.0263493107711321,0.0050416128483044,0.0109690263518035,"objective_converged_kkt_warning",39,3.17555938833536e-06,NA,NA,NA,NA,NA,"ok",NA,"tecator","fat",2,"full",12,162,53,"exact enumerated reduced real-response BMA",4096,4.62907736019737,290
"Top-M support atoms","atom truncation","M=32, beta=0.08",0.08,0.337868054164905,0.634719500691658,0.373791154547004,0,0.0937355989033247,17.10573038803,33,18.1372656572434,33,32,2.00027996303628,4.00749612141403,-2.84787549907754,-0.0196692368795111,0.00314456465249258,0.0101128384086492,"objective_converged_kkt_warning",36,2.69650734674443e-06,NA,NA,NA,NA,NA,"ok",NA,"tecator","fat",2,"full",12,162,53,"exact enumerated reduced real-response BMA",4096,4.62907736019737,290
"Credible support set","credible support summary","coverage=0.9, beta=0.08",0.08,0.138316773413991,0.292702321184373,0.119445683847279,0,0.0266727054733209,14.7262612511978,127,53.1335281833219,182,181,1.46683041313533,4.0191952388523,-2.85004738662977,-0.00797011944123849,0.000972677100264718,0.0233782250270482,"objective_converged_kkt_warning",33,1.82471479148738e-06,NA,NA,NA,NA,NA,"ok",NA,"tecator","fat",2,"full",12,162,53,"exact enumerated reduced real-response BMA",4096,4.62907736019737,290
"Posterior clustering","posterior clustering","clusters=6, beta=0.08",0.08,0.155572484778631,0.0811277541668202,0.077213395764577,0,0.217212219132241,7.70358134926074,10,7.40114124241534,10,NA,0.695412627897411,4.02731208670261,-2.85102937348854,0.00014672840907437,-9.3097585023294e-06,0.0866697202797356,"max_iter_reached",120,1.20947565231955e-05,NA,NA,NA,NA,NA,"ok",NA,"tecator","fat",2,"full",12,162,53,"exact enumerated reduced real-response BMA",4096,4.62907736019737,290
"Posterior clustering","posterior clustering","clusters=10, beta=0.08",0.08,0.126181659128174,0.0632449250418303,0.0593218869040579,0,0.0463628283506974,7.904821216648,17,8.79935972735099,17,NA,0.693455943413087,4.02264561534331,-2.85011535128358,-0.00451974295022595,0.000904712446457623,0.0710163897201916,"max_iter_reached",120,3.04077832968819e-05,NA,NA,NA,NA,NA,"ok",NA,"tecator","fat",2,"full",12,162,53,"exact enumerated reduced real-response BMA",4096,4.62907736019737,290
"Dilution-prior BMA","redundancy-aware prior","power=0.5",NA,0.89414634416957,7.89399220454192,3.98850358012572,1.11022302462516e-16,NA,11,NA,NA,NA,11,NA,4.05825615067498,-2.8700361377255,0.0310907923814412,-0.0190160739954615,NA,NA,NA,NA,NA,NA,NA,NA,NA,"ok",NA,"tecator","fat",2,"full",12,162,53,"exact enumerated reduced real-response BMA",4096,4.62907736019737,290
"DPP-prior BMA","redundancy-aware prior","power=1",NA,0.986443004530143,18.6905486304753,4.78061024634498,0,NA,3,NA,NA,NA,3,NA,4.07298774970463,-2.87315331140262,0.0458223914110949,-0.0221332476725808,NA,NA,NA,NA,NA,NA,NA,NA,NA,"ok",NA,"tecator","fat",2,"full",12,162,53,"exact enumerated reduced real-response BMA",4096,4.62907736019737,290
"Lasso","predictive selection","alpha=1, lambda.min",NA,NA,NA,NA,NA,NA,9,NA,NA,NA,9,NA,3.16097529019968,-2.57201225105918,-0.866190068093858,0.279007812670854,NA,NA,NA,NA,NA,NA,NA,NA,0.0500000000000682,"ok",NA,"tecator","fat",2,"full",12,162,53,"exact enumerated reduced real-response BMA",4096,4.62907736019737,290
"Elastic net","predictive selection","alpha=0.5, lambda.min",NA,NA,NA,NA,NA,NA,11,NA,NA,NA,11,NA,3.18314264075817,-2.57863614417968,-0.844022717535363,0.272383919550359,NA,NA,NA,NA,NA,NA,NA,NA,0.0800000000000409,"ok",NA,"tecator","fat",2,"full",12,162,53,"exact enumerated reduced real-response BMA",4096,4.62907736019737,290
"Group lasso","predictive selection","group lasso, lambda.min",NA,NA,NA,NA,NA,NA,6,NA,NA,NA,6,NA,2.9921378556976,-2.51536354483469,-1.03502750259594,0.335656518895342,NA,NA,NA,NA,NA,NA,NA,NA,0.110000000000014,"ok",NA,"tecator","fat",2,"full",12,162,53,"exact enumerated reduced real-response BMA",4096,4.62907736019737,290
"ASK-PC pooled union","support-kernel compression","beta=0.02",0.02,0.0682195570737296,0.0158174502644059,0.0151480299096819,0,0.001,5.95318260939146,28,8.12846342201523,408,NA,0.13278573054752,0.171228085525414,-0.0816461574796783,-9.01010923538281e-05,-0.00349359088079959,0.693911413994187,"embedded_pruned_feasible_solution",0,0,505,493,408,TRUE,NA,"ok",NA,"gasoline","octane",2,"full",12,45,15,"exact enumerated reduced real-response BMA",4096,4.77000292452677,304
"ASK-PC pooled-pruned 99%","support-kernel compression","beta=0.02",0.02,0.0682195570737296,0.0158174502644059,0.0151480299096819,0,0.001,5.95318260939146,28,8.12846342201523,31,NA,0.13278573054752,0.171228085525414,-0.0816461574796783,-9.01010923538281e-05,-0.00349359088079959,0.0105464043477036,"max_iter_reached",120,7.46741838614229e-07,505,493,408,TRUE,NA,"ok",NA,"gasoline","octane",2,"full",12,45,15,"exact enumerated reduced real-response BMA",4096,4.77000292452677,304
"Fixed hard dictionary","fixed region dictionary","beta=0.02",0.02,0.067609958918275,0.0317247027258343,0.0447605857647727,0,0.929513544867016,40.5962350162197,10,1.50165825065541,49,NA,0.843245076037096,0.172477074161336,-0.0860053540901803,0.00115888754356758,-0.00785278749130164,0.283980492612402,"objective_converged_kkt_warning",99,1.80372824276631e-06,NA,NA,NA,NA,NA,"ok",NA,"gasoline","octane",2,"full",12,45,15,"exact enumerated reduced real-response BMA",4096,4.77000292452677,304
"Top-M support atoms","atom truncation","M=16, beta=0.02",0.02,0.300642284688759,0.225442266593003,0.194996683108799,0,0.397931703124857,31.2716358159156,17,9.106746667891,17,16,0.84866596738041,0.170828380315019,-0.073236700774649,-0.000489806302748863,0.00491586582422968,0.00500932855214448,"objective_converged_kkt_warning",37,1.29540326099242e-06,NA,NA,NA,NA,NA,"ok",NA,"gasoline","octane",2,"full",12,45,15,"exact enumerated reduced real-response BMA",4096,4.77000292452677,304
"Top-M support atoms","atom truncation","M=32, beta=0.02",0.02,0.25852423529269,0.22170679681836,0.170470383102852,2.22044604925031e-16,0.313162807587535,27.5098579102421,33,15.3744050951083,33,32,0.769171250903259,0.16989233587842,-0.0718552150875365,-0.00142585073934809,0.00629735151134223,0.00625227219769597,"objective_converged_kkt_warning",36,1.07968972773431e-06,NA,NA,NA,NA,NA,"ok",NA,"gasoline","octane",2,"full",12,45,15,"exact enumerated reduced real-response BMA",4096,4.77000292452677,304
"Credible support set","credible support summary","coverage=0.9, beta=0.02",0.02,0.0904919613280509,0.146958182873264,0.0729375632828065,0,0.098280896340927,17.9283568536985,133,61.3681480517622,180,179,0.501408429008056,0.17070190391817,-0.0759862013160863,-0.000616282699598319,0.00216636528279233,0.00791333859722321,"objective_converged_kkt_warning",32,7.91588962378853e-07,NA,NA,NA,NA,NA,"ok",NA,"gasoline","octane",2,"full",12,45,15,"exact enumerated reduced real-response BMA",4096,4.77000292452677,304
"Posterior clustering","posterior clustering","clusters=6, beta=0.02",0.02,0.0778252861092146,0.0247869715589246,0.0237674933839013,0,0.266775319912794,7.43611133598198,12,6.79394457292025,12,NA,0.171593166567095,0.170619011958747,-0.079746435877607,-0.00069917465902089,-0.00159386927872829,0.0356037251249948,"max_iter_reached",120,1.83498327258336e-05,NA,NA,NA,NA,NA,"ok",NA,"gasoline","octane",2,"full",12,45,15,"exact enumerated reduced real-response BMA",4096,4.77000292452677,304
"Posterior clustering","posterior clustering","clusters=10, beta=0.02",0.02,0.0852550382078252,0.0233341643802736,0.0222090407797751,0,0.26532485512564,7.76592604811892,17,8.63704590205436,17,NA,0.176496624727782,0.170537926063468,-0.078673275753455,-0.000780260554299778,-0.000520709154576318,0.0470165141233656,"max_iter_reached",120,3.0849317706888e-05,NA,NA,NA,NA,NA,"ok",NA,"gasoline","octane",2,"full",12,45,15,"exact enumerated reduced real-response BMA",4096,4.77000292452677,304
"ASK-PC pooled union","support-kernel compression","beta=0.08",0.08,0.149167264058436,0.0702858922100398,0.0678918293218732,1.11022302462516e-16,0.001,4.63724008068964,9,5.74167555789334,408,NA,0.439517347588435,0.172451229178021,-0.0906456721883065,0.00113304256025287,-0.0124931055894278,0.0168149100512908,"embedded_pruned_feasible_solution",0,0,505,493,408,TRUE,NA,"ok",NA,"gasoline","octane",2,"full",12,45,15,"exact enumerated reduced real-response BMA",4096,4.77000292452677,304
"ASK-PC pooled-pruned 99%","support-kernel compression","beta=0.08",0.08,0.149167264058436,0.0702858922100398,0.0678918293218732,1.11022302462516e-16,0.001,4.63724008068964,9,5.74167555789334,10,NA,0.439517347588435,0.172451229178021,-0.0906456721883065,0.00113304256025287,-0.0124931055894278,0.00413466914246619,"objective_converged_kkt_warning",2,1.19206956139539e-07,505,493,408,TRUE,NA,"ok",NA,"gasoline","octane",2,"full",12,45,15,"exact enumerated reduced real-response BMA",4096,4.77000292452677,304
"Fixed hard dictionary","fixed region dictionary","beta=0.08",0.08,0.179781227775089,0.137366380412039,0.254361807621016,0,0.29369388984325,14.3117402168055,13,2.76337772935014,49,NA,2.29895987249953,0.174446365147323,-0.101460144322674,0.00312817852955544,-0.0233075777237951,0.314398092837161,"max_iter_reached",120,3.59402713137058e-05,NA,NA,NA,NA,NA,"ok",NA,"gasoline","octane",2,"full",12,45,15,"exact enumerated reduced real-response BMA",4096,4.77000292452677,304
"Top-M support atoms","atom truncation","M=16, beta=0.08",0.08,0.437705281860081,0.748038983352469,0.495244444557961,0,0.123448406947905,18.0044588066659,17,12.7831328216024,17,16,2.18584756133212,0.171011075880069,-0.076196449466194,-0.000307110737699429,0.00195611713268469,0.00742958526827431,"objective_converged_kkt_warning",37,3.09503018414148e-06,NA,NA,NA,NA,NA,"ok",NA,"gasoline","octane",2,"full",12,45,15,"exact enumerated reduced real-response BMA",4096,4.77000292452677,304
"Top-M support atoms","atom truncation","M=32, beta=0.08",0.08,0.341778181995153,0.636185060736287,0.36763913981124,0,0.0943355400464365,16.916883898248,33,20.4718238773946,33,32,1.9865167231004,0.169565967727233,-0.0750758107418553,-0.00175221889053523,0.00307675585702338,0.0106352435275291,"objective_converged_kkt_warning",37,2.06040316852452e-06,NA,NA,NA,NA,NA,"ok",NA,"gasoline","octane",2,"full",12,45,15,"exact enumerated reduced real-response BMA",4096,4.77000292452677,304
"Credible support set","credible support summary","coverage=0.9, beta=0.08",0.08,0.139536331306876,0.291639851609189,0.117150533117246,0,0.0263662966688378,14.2139922181462,130,62.1537369969888,180,179,1.42462961811606,0.170895932773388,-0.0812498228368879,-0.000422253844379827,-0.00309725623800917,0.0138249968804145,"objective_converged_kkt_warning",33,1.34580869137757e-06,NA,NA,NA,NA,NA,"ok",NA,"gasoline","octane",2,"full",12,45,15,"exact enumerated reduced real-response BMA",4096,4.77000292452677,304
"Posterior clustering","posterior clustering","clusters=6, beta=0.08",0.08,0.125964369891582,0.0605913989188242,0.0544620242348357,0,0.001,6.2532338662976,9,5.44759609450106,12,NA,0.559154933794837,0.170278333701882,-0.0817044523680097,-0.00103985291588574,-0.00355188576913104,0.121964803045705,"max_iter_reached",120,2.09153477629398e-05,NA,NA,NA,NA,NA,"ok",NA,"gasoline","octane",2,"full",12,45,15,"exact enumerated reduced real-response BMA",4096,4.77000292452677,304
"Posterior clustering","posterior clustering","clusters=10, beta=0.08",0.08,0.143757306500019,0.0651337217005312,0.0574203155530705,0,0.001,6.47800201968567,16,5.87907002368575,17,NA,0.581602484685216,0.170148317439222,-0.0801163061348075,-0.00116986917854628,-0.00196373953592878,0.0830012759220861,"max_iter_reached",120,5.93602923038006e-05,NA,NA,NA,NA,NA,"ok",NA,"gasoline","octane",2,"full",12,45,15,"exact enumerated reduced real-response BMA",4096,4.77000292452677,304
"Dilution-prior BMA","redundancy-aware prior","power=0.5",NA,0.649400535989901,1.93823120433045,1.24718950353233,0,NA,83,NA,NA,NA,83,NA,0.183078442720312,-0.144535292679867,0.0117602561025438,-0.0663827260809886,NA,NA,NA,NA,NA,NA,NA,NA,NA,"ok",NA,"gasoline","octane",2,"full",12,45,15,"exact enumerated reduced real-response BMA",4096,4.77000292452677,304
"DPP-prior BMA","redundancy-aware prior","power=1",NA,0.819635203511176,5.61355667636443,2.45862740493147,0,NA,31,NA,NA,NA,31,NA,0.194758505030234,-0.192195582780735,0.0234403184124661,-0.114043016181856,NA,NA,NA,NA,NA,NA,NA,NA,NA,"ok",NA,"gasoline","octane",2,"full",12,45,15,"exact enumerated reduced real-response BMA",4096,4.77000292452677,304
"Lasso","predictive selection","alpha=1, lambda.min",NA,NA,NA,NA,NA,NA,10,NA,NA,NA,10,NA,0.204126069548703,0.0690886991929552,0.0328078829309346,0.147241265791834,NA,NA,NA,NA,NA,NA,NA,NA,0.0600000000000591,"ok",NA,"gasoline","octane",2,"full",12,45,15,"exact enumerated reduced real-response BMA",4096,4.77000292452677,304
"Elastic net","predictive selection","alpha=0.5, lambda.min",NA,NA,NA,NA,NA,NA,12,NA,NA,NA,12,NA,0.206118661233905,0.0499386441795443,0.0348004746161369,0.128091210778423,NA,NA,NA,NA,NA,NA,NA,NA,0.07000000000005,"ok",NA,"gasoline","octane",2,"full",12,45,15,"exact enumerated reduced real-response BMA",4096,4.77000292452677,304
"Group lasso","predictive selection","group lasso, lambda.min",NA,NA,NA,NA,NA,NA,5,NA,NA,NA,5,NA,0.206814788759393,0.0400773978976933,0.0354966021416255,0.118229964496572,NA,NA,NA,NA,NA,NA,NA,NA,0.0799999999999272,"ok",NA,"gasoline","octane",2,"full",12,45,15,"exact enumerated reduced real-response BMA",4096,4.77000292452677,304
"ASK-PC pooled union","support-kernel compression","beta=0.02",0.02,0.0805946910146523,0.0223617687626434,0.0219970837327176,0,0.001,6.76046484905103,30,14.4818777274625,343,NA,0.154898167687802,4.22602198908483,-2.88944003352772,-0.00134037392988962,-0.000371769635791441,0.0259592026014089,"embedded_pruned_feasible_solution",0,0,495,477,343,TRUE,NA,"ok",NA,"tecator","fat",3,"full",12,162,53,"exact enumerated reduced real-response BMA",4096,4.96989886831585,353
"ASK-PC pooled-pruned 99%","support-kernel compression","beta=0.02",0.02,0.0805946910146523,0.0223617687626434,0.0219970837327176,0,0.001,6.76046484905103,30,14.4818777274625,31,NA,0.154898167687802,4.22602198908483,-2.88944003352772,-0.00134037392988962,-0.000371769635791441,0.00543010809455724,"max_iter_reached",120,4.21369836078878e-07,495,477,343,TRUE,NA,"ok",NA,"tecator","fat",3,"full",12,162,53,"exact enumerated reduced real-response BMA",4096,4.96989886831585,353
"Fixed hard dictionary","fixed region dictionary","beta=0.02",0.02,0.176318586871769,0.0808642401164909,0.0973193823910508,0,0.789045284819968,35.9773735989337,8,2.25604280125259,49,NA,0.799598105384156,4.22645077875238,-2.88976275666634,-0.00091158426234017,-0.000694492774415689,0.0683464832383792,"max_iter_reached",120,2.16366866845341e-06,NA,NA,NA,NA,NA,"ok",NA,"tecator","fat",3,"full",12,162,53,"exact enumerated reduced real-response BMA",4096,4.96989886831585,353
"Top-M support atoms","atom truncation","M=16, beta=0.02",0.02,0.31281881830371,0.221546664874883,0.203882659546972,0,0.44544968798335,33.6246326201327,17,7.64972280198066,17,16,0.89200464786539,4.20376139065986,-2.8856038190265,-0.0236009723548563,0.00346444486543263,0.00637526003766165,"objective_converged_kkt_warning",39,1.64123733559229e-06,NA,NA,NA,NA,NA,"ok",NA,"tecator","fat",3,"full",12,162,53,"exact enumerated reduced real-response BMA",4096,4.96989886831585,353
"Top-M support atoms","atom truncation","M=32, beta=0.02",0.02,0.281730134649833,0.223098920229376,0.183252817721122,0,0.359513361839782,29.8180904660749,33,13.2597233383803,33,32,0.816875998430711,4.2027822379475,-2.88534229557968,-0.0245801250672137,0.00372596831225147,0.00557982564952597,"objective_converged_kkt_warning",37,1.2628478963661e-06,NA,NA,NA,NA,NA,"ok",NA,"tecator","fat",3,"full",12,162,53,"exact enumerated reduced real-response BMA",4096,4.96989886831585,353
"Credible support set","credible support summary","coverage=0.9, beta=0.02",0.02,0.09085835707499,0.145766840849721,0.0728298255139951,0,0.0995104110150488,18.6434464100056,167,75.2134784018585,232,231,0.514315438600871,4.21617077802022,-2.88737993004166,-0.0111915849945001,0.00168833385026534,0.0116924244021964,"objective_converged_kkt_warning",31,1.31408582881853e-06,NA,NA,NA,NA,NA,"ok",NA,"tecator","fat",3,"full",12,162,53,"exact enumerated reduced real-response BMA",4096,4.96989886831585,353
"Posterior clustering","posterior clustering","clusters=6, beta=0.02",0.02,0.0528431630254338,0.0115006691795178,0.0110230640184716,0,0.118875457817159,8.4535886690716,12,7.23621629752147,12,NA,0.178593344102,4.22495362333545,-2.88883528531908,-0.00240873967926447,0.000232978572848541,0.0363952489328003,"max_iter_reached",120,1.55674988476795e-05,NA,NA,NA,NA,NA,"ok",NA,"tecator","fat",3,"full",12,162,53,"exact enumerated reduced real-response BMA",4096,4.96989886831585,353
"Posterior clustering","posterior clustering","clusters=10, beta=0.02",0.02,0.055956814222529,0.0121979948088713,0.0116423536207145,0,0.475050512528756,9.1960899573622,16,7.29132408481257,16,NA,0.194133108796298,4.21839245988869,-2.88746174530546,-0.00896990312602242,0.00160651858646554,0.0311407160388989,"max_iter_reached",120,4.01215500047403e-05,NA,NA,NA,NA,NA,"ok",NA,"tecator","fat",3,"full",12,162,53,"exact enumerated reduced real-response BMA",4096,4.96989886831585,353
"ASK-PC pooled union","support-kernel compression","beta=0.08",0.08,0.178629061041277,0.103828008505665,0.100968709874495,0,0.001,4.52852084411873,8,4.89991869648285,343,NA,0.464520457719177,4.23171322322011,-2.8911983892058,0.00435086020539632,-0.00213012531386614,0.0188314431971391,"max_iter_reached",240,3.00596251889829e-07,495,477,343,TRUE,NA,"ok",NA,"tecator","fat",3,"full",12,162,53,"exact enumerated reduced real-response BMA",4096,4.96989886831585,353
"ASK-PC pooled-pruned 99%","support-kernel compression","beta=0.08",0.08,0.179490393578377,0.103461550955981,0.100869485890271,0,0.001,4.53848289538799,7,4.69463492299886,8,NA,0.464993762236064,4.23177322859556,-2.89120996527099,0.00441086558084169,-0.00214170137905967,0.00316655346982198,"max_iter_reached",120,3.03913576582548e-07,495,477,343,TRUE,NA,"ok",NA,"tecator","fat",3,"full",12,162,53,"exact enumerated reduced real-response BMA",4096,4.96989886831585,353
"Fixed hard dictionary","fixed region dictionary","beta=0.08",0.08,0.396264021929769,0.352253513111517,0.463155217795881,0,0.262964012345914,14.3046676736061,12,5.99482147826071,49,NA,2.18791784423282,4.22683833856439,-2.89123429374716,-0.000524024450323068,-0.00216602985523018,0.317530595024676,"max_iter_reached",120,1.8922887524031e-05,NA,NA,NA,NA,NA,"ok",NA,"tecator","fat",3,"full",12,162,53,"exact enumerated reduced real-response BMA",4096,4.96989886831585,353
"Top-M support atoms","atom truncation","M=16, beta=0.08",0.08,0.485478173636373,0.824974882563201,0.638596476956436,0,0.139367400825799,18.5500793127192,17,11.6202095559218,17,16,2.3065284817954,4.20401392488387,-2.88698292922369,-0.0233484381308466,0.00208533466823901,0.0109323339450364,"objective_converged_kkt_warning",45,3.03241369747909e-06,NA,NA,NA,NA,NA,"ok",NA,"tecator","fat",3,"full",12,162,53,"exact enumerated reduced real-response BMA",4096,4.96989886831585,353
"Top-M support atoms","atom truncation","M=32, beta=0.08",0.08,0.391452961527335,0.705961577383523,0.459216111904991,1.11022302462516e-16,0.110068961426052,17.6228569096563,33,19.2673832436364,33,32,2.11283171647713,4.20031035869822,-2.88590632180639,-0.0270520043164915,0.00316194208553755,0.0113662881835224,"objective_converged_kkt_warning",40,2.55412465932636e-06,NA,NA,NA,NA,NA,"ok",NA,"tecator","fat",3,"full",12,162,53,"exact enumerated reduced real-response BMA",4096,4.96989886831585,353
"Credible support set","credible support summary","coverage=0.9, beta=0.08",0.08,0.144511402878295,0.296376763831355,0.124622067944202,0,0.0267163023264105,14.8134955232622,151,73.941229036066,232,231,1.47715313511689,4.21711713613741,-2.88813154823451,-0.0102452268773092,0.00093671565742337,0.0237866397258494,"objective_converged_kkt_warning",33,2.36280897292218e-06,NA,NA,NA,NA,NA,"ok",NA,"tecator","fat",3,"full",12,162,53,"exact enumerated reduced real-response BMA",4096,4.96989886831585,353
"Posterior clustering","posterior clustering","clusters=6, beta=0.08",0.08,0.138576985272339,0.0633814077260568,0.0670686821976884,0,0.00130638930853057,7.23249591876892,12,4.71197166114039,12,NA,0.640430974795428,4.230608889725,-2.89033380528613,0.00324652671028769,-0.00126554139419843,0.0967694745210517,"max_iter_reached",120,2.77697851630565e-05,NA,NA,NA,NA,NA,"ok",NA,"tecator","fat",3,"full",12,162,53,"exact enumerated reduced real-response BMA",4096,4.96989886831585,353
"Posterior clustering","posterior clustering","clusters=10, beta=0.08",0.08,0.149213842832586,0.075554168323973,0.0734255072666367,0,0.117786655861669,7.94662047757921,16,12.510115613219,16,NA,0.708757268964209,4.20928229971041,-2.88617899913038,-0.0180800633043106,0.00288926476155327,0.0573718793753779,"max_iter_reached",120,1.0163728492163e-05,NA,NA,NA,NA,NA,"ok",NA,"tecator","fat",3,"full",12,162,53,"exact enumerated reduced real-response BMA",4096,4.96989886831585,353
"Dilution-prior BMA","redundancy-aware prior","power=0.5",NA,0.906336974178036,8.34065648048839,3.69840176871572,1.11022302462516e-16,NA,10,NA,NA,NA,10,NA,4.33109718310328,-2.91624800667562,0.10373482008856,-0.0271797427836882,NA,NA,NA,NA,NA,NA,NA,NA,NA,"ok",NA,"tecator","fat",3,"full",12,162,53,"exact enumerated reduced real-response BMA",4096,4.96989886831585,353
"DPP-prior BMA","redundancy-aware prior","power=1",NA,0.978980292545736,18.8678400213429,4.34602448768338,0,NA,2,NA,NA,NA,2,NA,4.33677268858425,-2.91803674136924,0.109410325569536,-0.0289684774773091,NA,NA,NA,NA,NA,NA,NA,NA,NA,"ok",NA,"tecator","fat",3,"full",12,162,53,"exact enumerated reduced real-response BMA",4096,4.96989886831585,353
"Lasso","predictive selection","alpha=1, lambda.min",NA,NA,NA,NA,NA,NA,9,NA,NA,NA,9,NA,2.98028011741259,-2.51224977498658,-1.24708224560213,0.376818488905347,NA,NA,NA,NA,NA,NA,NA,NA,0.0599999999999454,"ok",NA,"tecator","fat",3,"full",12,162,53,"exact enumerated reduced real-response BMA",4096,4.96989886831585,353
"Elastic net","predictive selection","alpha=0.5, lambda.min",NA,NA,NA,NA,NA,NA,11,NA,NA,NA,11,NA,3.04250454535876,-2.53220317411682,-1.18485781765596,0.356865089775104,NA,NA,NA,NA,NA,NA,NA,NA,0.07000000000005,"ok",NA,"tecator","fat",3,"full",12,162,53,"exact enumerated reduced real-response BMA",4096,4.96989886831585,353
"Group lasso","predictive selection","group lasso, lambda.min",NA,NA,NA,NA,NA,NA,6,NA,NA,NA,6,NA,3.08481175820408,-2.5454339776245,-1.14255060481064,0.343634286267426,NA,NA,NA,NA,NA,NA,NA,NA,0.170000000000073,"ok",NA,"tecator","fat",3,"full",12,162,53,"exact enumerated reduced real-response BMA",4096,4.96989886831585,353
"ASK-PC pooled union","support-kernel compression","beta=0.02",0.02,0.0650946261783619,0.0148367524143123,0.0140975204670872,2.22044604925031e-16,0.001,5.8304470959331,38,12.3698908901016,418,NA,0.128930428967133,0.237564985641084,-0.154018909701493,9.89456990757587e-06,-0.00275337444420307,0.698940078752926,"embedded_pruned_feasible_solution",0,0,512,503,418,TRUE,NA,"ok",NA,"gasoline","octane",3,"full",12,45,15,"exact enumerated reduced real-response BMA",4096,4.47382122663806,212
"ASK-PC pooled-pruned 99%","support-kernel compression","beta=0.02",0.02,0.0650946261783619,0.0148367524143123,0.0140975204670872,2.22044604925031e-16,0.001,5.8304470959331,38,12.3698908901016,44,NA,0.128930428967133,0.237564985641084,-0.154018909701493,9.89456990757587e-06,-0.00275337444420307,0.00976577360805331,"max_iter_reached",120,6.34527966836274e-07,512,503,418,TRUE,NA,"ok",NA,"gasoline","octane",3,"full",12,45,15,"exact enumerated reduced real-response BMA",4096,4.47382122663806,212
"Fixed hard dictionary","fixed region dictionary","beta=0.02",0.02,0.0321551478609526,0.0153606413289105,0.0227282305163885,0,0.967270370867024,41.8800360766546,9,1.24239546709068,49,NA,0.852758991694209,0.236881209036279,-0.154028911506731,-0.00067388203489771,-0.00276337624944187,0.296677247441722,"objective_converged_kkt_warning",90,1.77555561620135e-06,NA,NA,NA,NA,NA,"ok",NA,"gasoline","octane",3,"full",12,45,15,"exact enumerated reduced real-response BMA",4096,4.47382122663806,212
"Top-M support atoms","atom truncation","M=16, beta=0.02",0.02,0.29158006391397,0.224218513121764,0.188571125025857,0,0.378065888573261,30.5109160418513,17,9.15193856467983,17,16,0.832222868236949,0.241034530225063,-0.150433478649472,0.00347943915388704,0.000832056607818044,0.00405846753386546,"objective_converged_kkt_warning",37,1.06940661315225e-06,NA,NA,NA,NA,NA,"ok",NA,"gasoline","octane",3,"full",12,45,15,"exact enumerated reduced real-response BMA",4096,4.47382122663806,212
"Top-M support atoms","atom truncation","M=32, beta=0.02",0.02,0.229246580186164,0.215305248742454,0.154353316333303,0,0.268072670314793,25.4923333627192,33,16.9893632411892,33,32,0.722319328540303,0.241136902621221,-0.152972725540858,0.00358181155004433,-0.00170719028356825,0.00670907068914423,"objective_converged_kkt_warning",34,1.69886117762363e-06,NA,NA,NA,NA,NA,"ok",NA,"gasoline","octane",3,"full",12,45,15,"exact enumerated reduced real-response BMA",4096,4.47382122663806,212
"Credible support set","credible support summary","coverage=0.9, beta=0.02",0.02,0.0899196036563005,0.146452989305719,0.072548577416037,0,0.0982939586346562,18.0193855810707,117,46.8592188907928,120,119,0.50299355316319,0.239543932535465,-0.151614366478857,0.00198884146428893,-0.000348831221567425,0.00975685525353764,"objective_converged_kkt_warning",32,7.55773710947594e-07,NA,NA,NA,NA,NA,"ok",NA,"gasoline","octane",3,"full",12,45,15,"exact enumerated reduced real-response BMA",4096,4.47382122663806,212
"Posterior clustering","posterior clustering","clusters=6, beta=0.02",0.02,0.0821074705225418,0.0201602307972151,0.0198014252662911,0,0.532092911887246,8.0519735908648,12,4.73425920366456,12,NA,0.179644877351291,0.240821273884184,-0.156651147569384,0.00326618281300758,-0.00538561231209447,0.0452444382858679,"max_iter_reached",120,2.6078300129323e-05,NA,NA,NA,NA,NA,"ok",NA,"gasoline","octane",3,"full",12,45,15,"exact enumerated reduced real-response BMA",4096,4.47382122663806,212
"Posterior clustering","posterior clustering","clusters=10, beta=0.02",0.02,0.0849254565424812,0.0230452410617593,0.0215636535947802,0,0.241473552606044,7.72242932125591,17,8.82231567428023,17,NA,0.175316543103213,0.23657178936563,-0.15021382084984,-0.00098330170554578,0.00105171440744939,0.035577228272174,"max_iter_reached",120,2.45596082094068e-05,NA,NA,NA,NA,NA,"ok",NA,"gasoline","octane",3,"full",12,45,15,"exact enumerated reduced real-response BMA",4096,4.47382122663806,212
"ASK-PC pooled union","support-kernel compression","beta=0.08",0.08,0.151738864169622,0.0741989197734249,0.0724492100812796,0,0.001,4.45822798609951,9,6.58293204048037,418,NA,0.42897267841644,0.236108202087084,-0.158655714252149,-0.00144688898409223,-0.0073901789948593,0.0170879390292242,"embedded_pruned_feasible_solution",0,0,512,503,418,TRUE,NA,"ok",NA,"gasoline","octane",3,"full",12,45,15,"exact enumerated reduced real-response BMA",4096,4.47382122663806,212
"ASK-PC pooled-pruned 99%","support-kernel compression","beta=0.08",0.08,0.151738864169622,0.0741989197734249,0.0724492100812796,0,0.001,4.45822798609951,9,6.58293204048037,10,NA,0.42897267841644,0.236108202087084,-0.158655714252149,-0.00144688898409223,-0.0073901789948593,0.00377360901489865,"objective_converged_kkt_warning",2,6.7366751288489e-08,512,503,418,TRUE,NA,"ok",NA,"gasoline","octane",3,"full",12,45,15,"exact enumerated reduced real-response BMA",4096,4.47382122663806,212
"Fixed hard dictionary","fixed region dictionary","beta=0.08",0.08,0.0905915397689248,0.0673204599273037,0.139952223702343,0,0.299388806113185,14.3089636176793,12,2.30727466900361,49,NA,2.32051546612981,0.236257195768596,-0.160825551867441,-0.00129789530258034,-0.00956001661015163,0.313791582045351,"max_iter_reached",120,3.68926623828258e-05,NA,NA,NA,NA,NA,"ok",NA,"gasoline","octane",3,"full",12,45,15,"exact enumerated reduced real-response BMA",4096,4.47382122663806,212
"Top-M support atoms","atom truncation","M=16, beta=0.08",0.08,0.414108236493408,0.715522811248955,0.454650227362161,0,0.116715887084755,18.0004355246427,17,12.3120623829796,17,16,2.153047073757,0.240876730282289,-0.1505075382321,0.00332163921111309,0.000757997025189611,0.00722178259992529,"objective_converged_kkt_warning",36,2.08182024108439e-06,NA,NA,NA,NA,NA,"ok",NA,"gasoline","octane",3,"full",12,45,15,"exact enumerated reduced real-response BMA",4096,4.47382122663806,212
"Top-M support atoms","atom truncation","M=32, beta=0.08",0.08,0.28945480143494,0.568753633303953,0.301505741597049,0,0.0792041454362059,16.4020211045852,33,21.3088630943877,33,32,1.87785619857689,0.241350593358407,-0.155769237714541,0.00379550228723063,-0.0045037024572511,0.00994671297544192,"objective_converged_kkt_warning",34,2.13429037243529e-06,NA,NA,NA,NA,NA,"ok",NA,"gasoline","octane",3,"full",12,45,15,"exact enumerated reduced real-response BMA",4096,4.47382122663806,212
"Credible support set","credible support summary","coverage=0.9, beta=0.08",0.08,0.13188846896053,0.287052001835289,0.111792387819029,0,0.0263704848068644,14.3852650711615,111,46.8576897792344,120,119,1.43402609239683,0.239387769606602,-0.154403127881578,0.00183267853542529,-0.00313759262428814,0.0261680142328092,"objective_converged_kkt_warning",34,2.12138206512336e-06,NA,NA,NA,NA,NA,"ok",NA,"gasoline","octane",3,"full",12,45,15,"exact enumerated reduced real-response BMA",4096,4.47382122663806,212
"Posterior clustering","posterior clustering","clusters=6, beta=0.08",0.08,0.208826702636441,0.138589625844487,0.124232624378556,0,0.0112148403945261,5.08684419481156,8,2.88649857231131,12,NA,0.544477117228501,0.242834594855445,-0.163368964264542,0.00527950378426911,-0.0121034290072526,0.157066082549792,"max_iter_reached",120,5.856795640935e-05,NA,NA,NA,NA,NA,"ok",NA,"gasoline","octane",3,"full",12,45,15,"exact enumerated reduced real-response BMA",4096,4.47382122663806,212
"Posterior clustering","posterior clustering","clusters=10, beta=0.08",0.08,0.135911110140545,0.0615792285881129,0.0556380073674272,0,0.001,6.50337422129855,15,5.83152317756887,17,NA,0.580085888060308,0.234447633363916,-0.148967560266221,-0.00310745770726048,0.0022979749910681,0.0889059837730591,"max_iter_reached",120,6.90861299359469e-05,NA,NA,NA,NA,NA,"ok",NA,"gasoline","octane",3,"full",12,45,15,"exact enumerated reduced real-response BMA",4096,4.47382122663806,212
"Dilution-prior BMA","redundancy-aware prior","power=0.5",NA,0.654214582584155,1.87989962481082,1.36141956177349,0,NA,80,NA,NA,NA,80,NA,0.234497015176257,-0.196847709101558,-0.00305807589491955,-0.0455821738442679,NA,NA,NA,NA,NA,NA,NA,NA,NA,"ok",NA,"gasoline","octane",3,"full",12,45,15,"exact enumerated reduced real-response BMA",4096,4.47382122663806,212
"DPP-prior BMA","redundancy-aware prior","power=1",NA,0.864530675806451,5.76689280732938,3.01472149254306,0,NA,36,NA,NA,NA,36,NA,0.247565153278627,-0.255924257732859,0.0100100622074507,-0.104658722475569,NA,NA,NA,NA,NA,NA,NA,NA,NA,"ok",NA,"gasoline","octane",3,"full",12,45,15,"exact enumerated reduced real-response BMA",4096,4.47382122663806,212
"Lasso","predictive selection","alpha=1, lambda.min",NA,NA,NA,NA,NA,NA,7,NA,NA,NA,7,NA,0.255413642961483,-0.394395873004162,0.0178585518903065,-0.243130337746872,NA,NA,NA,NA,NA,NA,NA,NA,0.0300000000002001,"ok",NA,"gasoline","octane",3,"full",12,45,15,"exact enumerated reduced real-response BMA",4096,4.47382122663806,212
"Elastic net","predictive selection","alpha=0.5, lambda.min",NA,NA,NA,NA,NA,NA,10,NA,NA,NA,10,NA,0.250712188767122,-0.360023308322261,0.0131570976959454,-0.208757773064972,NA,NA,NA,NA,NA,NA,NA,NA,0.0299999999999727,"ok",NA,"gasoline","octane",3,"full",12,45,15,"exact enumerated reduced real-response BMA",4096,4.47382122663806,212
"Group lasso","predictive selection","group lasso, lambda.min",NA,NA,NA,NA,NA,NA,5,NA,NA,NA,5,NA,0.212322712164937,0.0573582234581485,-0.0252323789062388,0.208623758715438,NA,NA,NA,NA,NA,NA,NA,NA,0.0700000000001637,"ok",NA,"gasoline","octane",3,"full",12,45,15,"exact enumerated reduced real-response BMA",4096,4.47382122663806,212
"ASK-PC pooled union","support-kernel compression","beta=0.02",0.02,0.0789218761866882,0.0245959611121893,0.0233090256133557,1.11022302462516e-16,0.001,6.25083336004707,33,13.6431934153416,343,NA,0.146999387566758,3.23036032910952,-2.771478899924,0.00439691341366011,-0.00118054294162828,0.029915801361851,"embedded_pruned_feasible_solution",0,0,495,477,343,TRUE,NA,"ok",NA,"tecator","fat",4,"full",12,162,53,"exact enumerated reduced real-response BMA",4096,4.36529362719003,241
"ASK-PC pooled-pruned 99%","support-kernel compression","beta=0.02",0.02,0.0789218761866882,0.0245959611121893,0.0233090256133557,1.11022302462516e-16,0.001,6.25083336004707,33,13.6431934153416,34,NA,0.146999387566758,3.23036032910952,-2.771478899924,0.00439691341366011,-0.00118054294162828,0.00684224559238134,"max_iter_reached",120,7.46323724126752e-07,495,477,343,TRUE,NA,"ok",NA,"tecator","fat",4,"full",12,162,53,"exact enumerated reduced real-response BMA",4096,4.36529362719003,241
"Fixed hard dictionary","fixed region dictionary","beta=0.02",0.02,0.190052912444055,0.0891517388201824,0.105758383527359,0,0.766579318284947,35.1413629218773,8,2.48371253003827,49,NA,0.791069246670581,3.23000544951434,-2.77255183360847,0.00404203381848323,-0.00225347662609909,0.0992528108054943,"objective_converged_kkt_warning",118,1.75148655334745e-06,NA,NA,NA,NA,NA,"ok",NA,"tecator","fat",4,"full",12,162,53,"exact enumerated reduced real-response BMA",4096,4.36529362719003,241
"Top-M support atoms","atom truncation","M=16, beta=0.02",0.02,0.279830734334589,0.224453457810584,0.18240798574689,0,0.351776052496821,29.2284085651946,17,8.49622713598474,17,16,0.806882006915872,3.22317505016846,-2.76856779748014,-0.00278836552739969,0.0017305595022381,0.00708746246909425,"objective_converged_kkt_warning",37,1.53627159782399e-06,NA,NA,NA,NA,NA,"ok",NA,"tecator","fat",4,"full",12,162,53,"exact enumerated reduced real-response BMA",4096,4.36529362719003,241
"Top-M support atoms","atom truncation","M=32, beta=0.02",0.02,0.233449305245178,0.216751230054482,0.157125567367266,0,0.274102051421541,25.718603327087,33,13.8162034572392,33,32,0.728497454529282,3.22387911741622,-2.76902516438608,-0.0020842982796343,0.00127319259629699,0.00683970025526048,"objective_converged_kkt_warning",35,1.60104823609952e-06,NA,NA,NA,NA,NA,"ok",NA,"tecator","fat",4,"full",12,162,53,"exact enumerated reduced real-response BMA",4096,4.36529362719003,241
"Credible support set","credible support summary","coverage=0.9, beta=0.02",0.02,0.0905166613497158,0.1464324975835,0.0727090057588997,0,0.0982011660773174,18.0549366320454,114,41.9559733494252,151,150,0.503794609409511,3.22469245327511,-2.7696903788744,-0.0012709624207492,0.000607978107973306,0.00658274776001244,"objective_converged_kkt_warning",32,6.85463485750049e-07,NA,NA,NA,NA,NA,"ok",NA,"tecator","fat",4,"full",12,162,53,"exact enumerated reduced real-response BMA",4096,4.36529362719003,241
"Posterior clustering","posterior clustering","clusters=6, beta=0.02",0.02,0.054017671304097,0.00989542904008602,0.00966793855470822,0,0.56998691764009,9.32625304696981,10,4.45071360608357,10,NA,0.194927425535242,3.22525106734583,-2.76975971896287,-0.000712348350021763,0.000538638019508042,0.0207657590906875,"max_iter_reached",120,2.90778548373838e-05,NA,NA,NA,NA,NA,"ok",NA,"tecator","fat",4,"full",12,162,53,"exact enumerated reduced real-response BMA",4096,4.36529362719003,241
"Posterior clustering","posterior clustering","clusters=10, beta=0.02",0.02,0.061989250466974,0.0147125164279619,0.0134471445005676,0,0.314243389906547,8.84960300558942,15,9.33627588806728,15,NA,0.18947066909421,3.22398608960641,-2.76964727759861,-0.00197732608944756,0.000651079383762188,0.0189815992289881,"max_iter_reached",120,1.94290359027405e-05,NA,NA,NA,NA,NA,"ok",NA,"tecator","fat",4,"full",12,162,53,"exact enumerated reduced real-response BMA",4096,4.36529362719003,241
"ASK-PC pooled union","support-kernel compression","beta=0.08",0.08,0.163107554940232,0.0893263606220204,0.0867269605413652,0,0.001,4.49352692479958,9,5.59351389654185,343,NA,0.447086906912277,3.23507065602577,-2.77324796272485,0.00910724032991572,-0.00294960574248027,0.017605479422406,"embedded_pruned_feasible_solution",0,0,495,477,343,TRUE,NA,"ok",NA,"tecator","fat",4,"full",12,162,53,"exact enumerated reduced real-response BMA",4096,4.36529362719003,241
"ASK-PC pooled-pruned 99%","support-kernel compression","beta=0.08",0.08,0.163107554940232,0.0893263606220204,0.0867269605413652,0,0.001,4.49352692479958,9,5.59351389654185,10,NA,0.447086906912277,3.23507065602577,-2.77324796272485,0.00910724032991572,-0.00294960574248027,0.00659667074038783,"objective_converged_kkt_warning",2,1.00007226722099e-07,495,477,343,TRUE,NA,"ok",NA,"tecator","fat",4,"full",12,162,53,"exact enumerated reduced real-response BMA",4096,4.36529362719003,241
"Fixed hard dictionary","fixed region dictionary","beta=0.08",0.08,0.429699049798303,0.410619397104366,0.514201275020186,0,0.257454689476182,14.3056220850667,12,6.4425223013974,49,NA,2.15986856503851,3.23932920422143,-2.77607602036049,0.01336578852557,-0.00577766337811392,0.322115322076204,"max_iter_reached",120,1.79939202151758e-05,NA,NA,NA,NA,NA,"ok",NA,"tecator","fat",4,"full",12,162,53,"exact enumerated reduced real-response BMA",4096,4.36529362719003,241
"Top-M support atoms","atom truncation","M=16, beta=0.08",0.08,0.385370123778938,0.694407261261998,0.439015326005158,0,0.107398488147133,17.3119282883777,17,10.507324672913,17,16,2.07700945173035,3.22586661545854,-2.7695355086128,-9.6800237317396e-05,0.000762848369577629,0.0095236435250966,"objective_converged_kkt_warning",38,2.9657738718214e-06,NA,NA,NA,NA,NA,"ok",NA,"tecator","fat",4,"full",12,162,53,"exact enumerated reduced real-response BMA",4096,4.36529362719003,241
"Top-M support atoms","atom truncation","M=32, beta=0.08",0.08,0.299806386185088,0.585628329176672,0.322127414079068,0,0.0811155116419516,16.2846084045951,33,16.5096380353418,33,32,1.88559305721055,3.22690912605529,-2.77009124413013,0.000945710359438134,0.000207112852246283,0.0102034666756974,"objective_converged_kkt_warning",36,1.85276294706327e-06,NA,NA,NA,NA,NA,"ok",NA,"tecator","fat",4,"full",12,162,53,"exact enumerated reduced real-response BMA",4096,4.36529362719003,241
"Credible support set","credible support summary","coverage=0.9, beta=0.08",0.08,0.140513787306935,0.291871596250077,0.117925293514027,0,0.0263337479271113,14.3248049314681,106,40.137370993901,151,150,1.43416368292222,3.2278779619083,-2.77076968849013,0.00191454621244613,-0.000471331507751138,0.0233269979757177,"objective_converged_kkt_warning",33,1.93369939438526e-06,NA,NA,NA,NA,NA,"ok",NA,"tecator","fat",4,"full",12,162,53,"exact enumerated reduced real-response BMA",4096,4.36529362719003,241
"Posterior clustering","posterior clustering","clusters=6, beta=0.08",0.08,0.148544217303031,0.0688330483726509,0.0682618493584991,0,0.220913844182135,8.17558593009403,10,8.10516031354846,10,NA,0.720787421845594,3.2284900617591,-2.76995678020535,0.00252664606324693,0.000341576777024066,0.0299952880607073,"max_iter_reached",120,8.17050342971637e-06,NA,NA,NA,NA,NA,"ok",NA,"tecator","fat",4,"full",12,162,53,"exact enumerated reduced real-response BMA",4096,4.36529362719003,241
"Posterior clustering","posterior clustering","clusters=10, beta=0.08",0.08,0.152589406200596,0.0750804443867879,0.068235837395898,0,0.0295528326093744,7.57684784726706,15,13.0217087770752,15,NA,0.678661654297506,3.22561856403494,-2.76992684350881,-0.000344851660913026,0.000371513473565344,0.0156137687755341,"max_iter_reached",120,7.08780288349864e-06,NA,NA,NA,NA,NA,"ok",NA,"tecator","fat",4,"full",12,162,53,"exact enumerated reduced real-response BMA",4096,4.36529362719003,241
"Dilution-prior BMA","redundancy-aware prior","power=0.5",NA,0.889541970132882,7.40196643529233,3.712777714966,0,NA,9,NA,NA,NA,9,NA,3.32179092328608,-2.79968975171565,0.0958275075902275,-0.0293913947332771,NA,NA,NA,NA,NA,NA,NA,NA,NA,"ok",NA,"tecator","fat",4,"full",12,162,53,"exact enumerated reduced real-response BMA",4096,4.36529362719003,241
"DPP-prior BMA","redundancy-aware prior","power=1",NA,0.98255228277465,17.701267704019,4.39926525254737,1.11022302462516e-16,NA,3,NA,NA,NA,3,NA,3.33644045907319,-2.80288726203247,0.110477043377334,-0.0325889050500971,NA,NA,NA,NA,NA,NA,NA,NA,NA,"ok",NA,"tecator","fat",4,"full",12,162,53,"exact enumerated reduced real-response BMA",4096,4.36529362719003,241
"Lasso","predictive selection","alpha=1, lambda.min",NA,NA,NA,NA,NA,NA,7,NA,NA,NA,7,NA,2.39110239780113,-2.36038537533157,-0.834861017894723,0.409912981650808,NA,NA,NA,NA,NA,NA,NA,NA,0.0499999999999545,"ok",NA,"tecator","fat",4,"full",12,162,53,"exact enumerated reduced real-response BMA",4096,4.36529362719003,241
"Elastic net","predictive selection","alpha=0.5, lambda.min",NA,NA,NA,NA,NA,NA,11,NA,NA,NA,11,NA,2.40272179608413,-2.36410292307853,-0.823241619611725,0.406195433903842,NA,NA,NA,NA,NA,NA,NA,NA,0.0599999999999454,"ok",NA,"tecator","fat",4,"full",12,162,53,"exact enumerated reduced real-response BMA",4096,4.36529362719003,241
"Group lasso","predictive selection","group lasso, lambda.min",NA,NA,NA,NA,NA,NA,6,NA,NA,NA,6,NA,2.42552928617267,-2.37306601435196,-0.80043412952319,0.397232342630418,NA,NA,NA,NA,NA,NA,NA,NA,0.119999999999891,"ok",NA,"tecator","fat",4,"full",12,162,53,"exact enumerated reduced real-response BMA",4096,4.36529362719003,241
"ASK-PC pooled union","support-kernel compression","beta=0.02",0.02,0.064269075335923,0.0148839040427379,0.0143868570370542,1.11022302462516e-16,0.001,5.94343253849581,28,7.60680135257879,413,NA,0.131723512050747,0.192834104075732,-0.14618892476295,-0.000997093057525156,-0.00329620766930488,0.574580014156423,"embedded_pruned_feasible_solution",0,0,505,493,413,TRUE,NA,"ok",NA,"gasoline","octane",4,"full",12,45,15,"exact enumerated reduced real-response BMA",4096,4.6825409181669,325
"ASK-PC pooled-pruned 99%","support-kernel compression","beta=0.02",0.02,0.064269075335923,0.0148839040427379,0.0143868570370542,1.11022302462516e-16,0.001,5.94343253849581,28,7.60680135257879,34,NA,0.131723512050747,0.192834104075732,-0.14618892476295,-0.000997093057525156,-0.00329620766930488,0.00877348649920995,"max_iter_reached",120,7.80629450525261e-07,505,493,413,TRUE,NA,"ok",NA,"gasoline","octane",4,"full",12,45,15,"exact enumerated reduced real-response BMA",4096,4.6825409181669,325
"Fixed hard dictionary","fixed region dictionary","beta=0.02",0.02,0.0898416674471583,0.0418371355306521,0.0574455122223222,0,0.904556999607473,39.7561136925011,11,1.68156780029846,49,NA,0.836439882440424,0.192359091556384,-0.15470761288875,-0.001472105576873,-0.0118148957951043,0.263253552916078,"objective_converged_kkt_warning",113,1.78647284865274e-06,NA,NA,NA,NA,NA,"ok",NA,"gasoline","octane",4,"full",12,45,15,"exact enumerated reduced real-response BMA",4096,4.6825409181669,325
"Top-M support atoms","atom truncation","M=16, beta=0.02",0.02,0.296644752078821,0.225587627916508,0.192367166959308,0,0.387390316165414,30.7806412107719,17,8.47350767969631,17,16,0.839063507579175,0.198400197309721,-0.135856867583482,0.00456900017646369,0.00703584951016367,0.00524293901188466,"objective_converged_kkt_warning",38,1.11540467406801e-06,NA,NA,NA,NA,NA,"ok",NA,"gasoline","octane",4,"full",12,45,15,"exact enumerated reduced real-response BMA",4096,4.6825409181669,325
"Top-M support atoms","atom truncation","M=32, beta=0.02",0.02,0.257130064718123,0.222330699501971,0.17001454045706,0,0.309159586420828,27.1813480395304,33,14.0312815691328,33,32,0.763316371057722,0.197895901843904,-0.137690495472261,0.00406470471064732,0.00520222162138462,0.00767632123041551,"objective_converged_kkt_warning",36,1.45512111726642e-06,NA,NA,NA,NA,NA,"ok",NA,"gasoline","octane",4,"full",12,45,15,"exact enumerated reduced real-response BMA",4096,4.6825409181669,325
"Credible support set","credible support summary","coverage=0.9, beta=0.02",0.02,0.0905442403562696,0.147734774819986,0.0732758525601155,0,0.0978640555621902,17.6087808755441,130,55.8403118422674,187,186,0.495887896287863,0.194827109812725,-0.141007015236885,0.000995912679468081,0.00188570185676049,0.00839963388047049,"objective_converged_kkt_warning",32,7.70189983678726e-07,NA,NA,NA,NA,NA,"ok",NA,"gasoline","octane",4,"full",12,45,15,"exact enumerated reduced real-response BMA",4096,4.6825409181669,325
"Posterior clustering","posterior clustering","clusters=6, beta=0.02",0.02,0.0736024035597585,0.0171946423006958,0.0162258552304975,0,0.512955122620515,8.30625199830736,12,4.78618707873979,12,NA,0.181753948189373,0.193687466532635,-0.14278295365589,-0.000143730600621728,0.000109763437755872,0.0348146616786269,"max_iter_reached",120,1.82039204656426e-05,NA,NA,NA,NA,NA,"ok",NA,"gasoline","octane",4,"full",12,45,15,"exact enumerated reduced real-response BMA",4096,4.6825409181669,325
"Posterior clustering","posterior clustering","clusters=10, beta=0.02",0.02,0.0756298891724886,0.0250487004210831,0.02345459603462,1.11022302462516e-16,0.164260577719398,7.20288657981034,17,9.07996342751424,17,NA,0.166900361852491,0.1935155024002,-0.144569552419254,-0.000315694733057204,-0.00167683532560831,0.0441376400563165,"max_iter_reached",120,1.76074866707898e-05,NA,NA,NA,NA,NA,"ok",NA,"gasoline","octane",4,"full",12,45,15,"exact enumerated reduced real-response BMA",4096,4.6825409181669,325
"ASK-PC pooled union","support-kernel compression","beta=0.08",0.08,0.137765899383814,0.0655050010413817,0.0656644283593379,0,0.001,4.73402951312792,12,7.0657093258342,413,NA,0.442272108680541,0.191942767183303,-0.155200752694311,-0.00188842994995356,-0.0123080356006657,0.0254718917781416,"embedded_pruned_feasible_solution",0,0,505,493,413,TRUE,NA,"ok",NA,"gasoline","octane",4,"full",12,45,15,"exact enumerated reduced real-response BMA",4096,4.6825409181669,325
"ASK-PC pooled-pruned 99%","support-kernel compression","beta=0.08",0.08,0.137765899383814,0.0655050010413817,0.0656644283593379,0,0.001,4.73402951312792,12,7.0657093258342,12,NA,0.442272108680541,0.191942767183303,-0.155200752694311,-0.00188842994995356,-0.0123080356006657,0.00543636304249351,"objective_converged_kkt_warning",2,1.09818605154022e-07,505,493,413,TRUE,NA,"ok",NA,"gasoline","octane",4,"full",12,45,15,"exact enumerated reduced real-response BMA",4096,4.6825409181669,325
"Fixed hard dictionary","fixed region dictionary","beta=0.08",0.08,0.252813845959357,0.210318790820179,0.393432755738885,0,0.289353769932937,14.3166597409431,15,3.27029609667605,49,NA,2.28181070231342,0.188128961435807,-0.182186015355831,-0.00570223569744982,-0.0392932982621851,0.381577239692118,"max_iter_reached",120,3.52696415930609e-05,NA,NA,NA,NA,NA,"ok",NA,"gasoline","octane",4,"full",12,45,15,"exact enumerated reduced real-response BMA",4096,4.6825409181669,325
"Top-M support atoms","atom truncation","M=16, beta=0.08",0.08,0.426214905941333,0.733555443333453,0.475876690843755,0,0.119811232308837,17.8637480460928,17,10.8760587694985,17,16,2.16026872309052,0.200677723499685,-0.135501427168588,0.00684652636642832,0.00739128992505711,0.0067647470941774,"objective_converged_kkt_warning",39,2.063225409632e-06,NA,NA,NA,NA,NA,"ok",NA,"gasoline","octane",4,"full",12,45,15,"exact enumerated reduced real-response BMA",4096,4.6825409181669,325
"Top-M support atoms","atom truncation","M=32, beta=0.08",0.08,0.338264501224085,0.633941623567909,0.365782782713729,0,0.0929304230888026,16.6651496510983,33,18.1035721501647,33,32,1.96425748638061,0.200303925840788,-0.142428456972347,0.00647272870753074,0.000464260121299021,0.0121789465391232,"objective_converged_kkt_warning",38,2.23850485414623e-06,NA,NA,NA,NA,NA,"ok",NA,"gasoline","octane",4,"full",12,45,15,"exact enumerated reduced real-response BMA",4096,4.6825409181669,325
"Credible support set","credible support summary","coverage=0.9, beta=0.08",0.08,0.141997051512802,0.29543547014681,0.121639469736844,0,0.0262389405951497,13.8370138922273,127,56.5740005394734,187,186,1.39836103199975,0.194116687706501,-0.147569168032945,0.000285490573244229,-0.00467645093929903,0.0261325195141471,"objective_converged_kkt_warning",35,1.76986824218517e-06,NA,NA,NA,NA,NA,"ok",NA,"gasoline","octane",4,"full",12,45,15,"exact enumerated reduced real-response BMA",4096,4.6825409181669,325
"Posterior clustering","posterior clustering","clusters=6, beta=0.08",0.08,0.163776791338153,0.100961999911345,0.0854771618935404,0,0.0107300580443372,6.19703892133569,9,3.84226434796373,12,NA,0.59537905175144,0.192561765543398,-0.143860921982752,-0.00126943158985879,-0.000968204889106483,0.0905347402520499,"max_iter_reached",120,3.8150085905686e-05,NA,NA,NA,NA,NA,"ok",NA,"gasoline","octane",4,"full",12,45,15,"exact enumerated reduced real-response BMA",4096,4.6825409181669,325
"Posterior clustering","posterior clustering","clusters=10, beta=0.08",0.08,0.117550117294092,0.0556590733818821,0.0503057740844716,0,0.001,6.22856759099809,12,6.92971641509786,17,NA,0.552008661770707,0.192778476142452,-0.146607840376691,-0.00105272099080461,-0.00371512328304513,0.0959941586905869,"max_iter_reached",120,4.00818482251264e-05,NA,NA,NA,NA,NA,"ok",NA,"gasoline","octane",4,"full",12,45,15,"exact enumerated reduced real-response BMA",4096,4.6825409181669,325
"Dilution-prior BMA","redundancy-aware prior","power=0.5",NA,0.670287396255182,2.1385109808949,1.40852270033513,0,NA,85,NA,NA,NA,85,NA,0.18741133242353,-0.217249845197656,-0.00641986470972652,-0.0743571281040104,NA,NA,NA,NA,NA,NA,NA,NA,NA,"ok",NA,"gasoline","octane",4,"full",12,45,15,"exact enumerated reduced real-response BMA",4096,4.6825409181669,325
"DPP-prior BMA","redundancy-aware prior","power=1",NA,0.825411467481501,6.33177539117437,3.03918590734281,0,NA,31,NA,NA,NA,31,NA,0.234228245527585,-0.297692178729526,0.0403970483943282,-0.15479946163588,NA,NA,NA,NA,NA,NA,NA,NA,NA,"ok",NA,"gasoline","octane",4,"full",12,45,15,"exact enumerated reduced real-response BMA",4096,4.6825409181669,325
"Lasso","predictive selection","alpha=1, lambda.min",NA,NA,NA,NA,NA,NA,8,NA,NA,NA,8,NA,0.184676885573282,0.268303046798863,-0.00915431155997493,0.411195763892509,NA,NA,NA,NA,NA,NA,NA,NA,0.0299999999999727,"ok",NA,"gasoline","octane",4,"full",12,45,15,"exact enumerated reduced real-response BMA",4096,4.6825409181669,325
"Elastic net","predictive selection","alpha=0.5, lambda.min",NA,NA,NA,NA,NA,NA,8,NA,NA,NA,8,NA,0.202010137180509,0.166937136672502,0.00817894004725239,0.309829853766148,NA,NA,NA,NA,NA,NA,NA,NA,0.0299999999999727,"ok",NA,"gasoline","octane",4,"full",12,45,15,"exact enumerated reduced real-response BMA",4096,4.6825409181669,325
"Group lasso","predictive selection","group lasso, lambda.min",NA,NA,NA,NA,NA,NA,6,NA,NA,NA,6,NA,0.203975077929292,0.102046138884903,0.0101438807960353,0.244938855978549,NA,NA,NA,NA,NA,NA,NA,NA,0.0600000000001728,"ok",NA,"gasoline","octane",4,"full",12,45,15,"exact enumerated reduced real-response BMA",4096,4.6825409181669,325
"ASK-PC pooled union","support-kernel compression","beta=0.02",0.02,0.0679518148881715,0.0165361848569695,0.0171051968363212,0,0.001,6.54575020852527,35,14.6308907081217,346,NA,0.144768053931992,4.32960584318602,-2.9079017705809,-0.0041959233288873,0.000239147562253628,0.0494198982487835,"embedded_pruned_feasible_solution",0,0,498,483,346,TRUE,NA,"ok",NA,"tecator","fat",5,"full",12,162,53,"exact enumerated reduced real-response BMA",4096,4.99997790316156,365
"ASK-PC pooled-pruned 99%","support-kernel compression","beta=0.02",0.02,0.0679518148881715,0.0165361848569695,0.0171051968363212,0,0.001,6.54575020852527,35,14.6308907081217,36,NA,0.144768053931992,4.32960584318602,-2.9079017705809,-0.0041959233288873,0.000239147562253628,0.00652059409454453,"max_iter_reached",120,4.4042251179377e-07,498,483,346,TRUE,NA,"ok",NA,"tecator","fat",5,"full",12,162,53,"exact enumerated reduced real-response BMA",4096,4.99997790316156,365
"Fixed hard dictionary","fixed region dictionary","beta=0.02",0.02,0.103177628354949,0.0464342323456888,0.0612364339292981,0,0.888673769711918,39.2957534049354,7,1.66157741701996,49,NA,0.831841949578566,4.32092758930135,-2.90675696029192,-0.0128741772135577,0.00138395785123135,0.273503218892011,"objective_converged_kkt_warning",108,1.80652579895302e-06,NA,NA,NA,NA,NA,"ok",NA,"tecator","fat",5,"full",12,162,53,"exact enumerated reduced real-response BMA",4096,4.99997790316156,365
"Top-M support atoms","atom truncation","M=16, beta=0.02",0.02,0.308637437659662,0.215065471354081,0.198180348113383,0,0.451223686840317,34.4870615695336,17,7.64625150136119,17,16,0.902772487216826,4.31406548130182,-2.90476792135759,-0.0197362852130833,0.00337299678555825,0.00575300578254057,"objective_converged_kkt_warning",39,1.28961418777163e-06,NA,NA,NA,NA,NA,"ok",NA,"tecator","fat",5,"full",12,162,53,"exact enumerated reduced real-response BMA",4096,4.99997790316156,365
"Top-M support atoms","atom truncation","M=32, beta=0.02",0.02,0.280041572451518,0.217154455029978,0.179815469757997,0,0.368566932614511,30.9537270178265,33,12.9694338627056,33,32,0.833666400038886,4.31682191922388,-2.90513536947785,-0.0169798472910303,0.00300554866530511,0.00606627397174225,"objective_converged_kkt_warning",37,1.31214967313831e-06,NA,NA,NA,NA,NA,"ok",NA,"tecator","fat",5,"full",12,162,53,"exact enumerated reduced real-response BMA",4096,4.99997790316156,365
"Credible support set","credible support summary","coverage=0.9, beta=0.02",0.02,0.0909561805291529,0.144330443406185,0.0726306981198431,0,0.101598782382434,19.5626002011829,156,77.2773806115048,242,241,0.531235046135292,4.32469842041757,-2.90661349156059,-0.00910334609733443,0.001527426582558,0.0108780390369884,"objective_converged_kkt_warning",31,1.46505190801172e-06,NA,NA,NA,NA,NA,"ok",NA,"tecator","fat",5,"full",12,162,53,"exact enumerated reduced real-response BMA",4096,4.99997790316156,365
"Posterior clustering","posterior clustering","clusters=6, beta=0.02",0.02,0.0512338849801237,0.00748195636126053,0.00746005748933325,0,0.696665085898255,9.46774656786947,10,3.23721870019491,10,NA,0.19566217318337,4.32572516196177,-2.90680876761511,-0.00807660455313997,0.00133215052804569,0.0189042880085344,"max_iter_reached",120,1.86674461559178e-05,NA,NA,NA,NA,NA,"ok",NA,"tecator","fat",5,"full",12,162,53,"exact enumerated reduced real-response BMA",4096,4.99997790316156,365
"Posterior clustering","posterior clustering","clusters=10, beta=0.02",0.02,0.0542331525114991,0.0103510092322133,0.0101734745068147,0,0.0622804691715705,8.34852344039747,17,10.4888645798436,17,NA,0.17497116386195,4.33225151848146,-2.90800328945426,-0.00155024803344972,0.000137628688895663,0.0400075487593625,"max_iter_reached",120,1.95665852453786e-05,NA,NA,NA,NA,NA,"ok",NA,"tecator","fat",5,"full",12,162,53,"exact enumerated reduced real-response BMA",4096,4.99997790316156,365
"ASK-PC pooled union","support-kernel compression","beta=0.08",0.08,0.171658822735312,0.0937025109387104,0.0937166281916283,0,0.001,4.65022074831976,11,6.83824337593585,346,NA,0.46379764068139,4.32298194731044,-2.90769145078623,-0.0108198192044648,0.000449467356915978,0.0692069863135676,"objective_converged_kkt_warning",1,1.0278210865744e-07,498,483,346,TRUE,NA,"ok",NA,"tecator","fat",5,"full",12,162,53,"exact enumerated reduced real-response BMA",4096,4.99997790316156,365
"ASK-PC pooled-pruned 99%","support-kernel compression","beta=0.08",0.08,0.17345339429911,0.0950951620393402,0.0951523896613197,0,0.001,4.6348039498164,9,6.60318288641052,10,NA,0.463991926236352,4.32315024438044,-2.90773137116674,-0.0106515221344656,0.000409546976406272,0.00408987157125573,"max_iter_reached",120,3.20147882537647e-07,498,483,346,TRUE,NA,"ok",NA,"tecator","fat",5,"full",12,162,53,"exact enumerated reduced real-response BMA",4096,4.99997790316156,365
"Fixed hard dictionary","fixed region dictionary","beta=0.08",0.08,0.241945010733689,0.180106137856909,0.281284602955153,0,0.285713306752752,14.3020316020461,10,4.45481550404091,49,NA,2.27301321578514,4.30365711816076,-2.90505846336893,-0.0301446483541481,0.00308245477422142,0.325061923815547,"max_iter_reached",120,2.07785621033629e-05,NA,NA,NA,NA,NA,"ok",NA,"tecator","fat",5,"full",12,162,53,"exact enumerated reduced real-response BMA",4096,4.99997790316156,365
"Top-M support atoms","atom truncation","M=16, beta=0.08",0.08,0.482416421882429,0.80114950799482,0.595827797508782,0,0.142233983615897,19.7783048165396,17,11.5652231987882,17,16,2.38096589072298,4.30189095971182,-2.90334924125974,-0.0319108068030927,0.00479167688341553,0.00922148365636,"objective_converged_kkt_warning",38,2.96200279814585e-06,NA,NA,NA,NA,NA,"ok",NA,"tecator","fat",5,"full",12,162,53,"exact enumerated reduced real-response BMA",4096,4.99997790316156,365
"Top-M support atoms","atom truncation","M=32, beta=0.08",0.08,0.393931541971413,0.697434591911364,0.452791116094895,0,0.113552289423339,18.8202005964064,33,18.7963244676591,33,32,2.20011697828019,4.30719634973068,-2.90410526668726,-0.0266054167842302,0.00403565145588969,0.010337087203957,"objective_converged_kkt_warning",38,2.23579571478894e-06,NA,NA,NA,NA,NA,"ok",NA,"tecator","fat",5,"full",12,162,53,"exact enumerated reduced real-response BMA",4096,4.99997790316156,365
"Credible support set","credible support summary","coverage=0.9, beta=0.08",0.08,0.152091000001471,0.296508921297331,0.12659190796794,0,0.0273161800285333,15.7028793122474,153,77.364913316693,242,241,1.54839073291563,4.32011919249306,-2.90642525370557,-0.0136825740218507,0.0017156644375782,0.0221541997011834,"objective_converged_kkt_warning",34,1.60332710130717e-06,NA,NA,NA,NA,NA,"ok",NA,"tecator","fat",5,"full",12,162,53,"exact enumerated reduced real-response BMA",4096,4.99997790316156,365
"Posterior clustering","posterior clustering","clusters=6, beta=0.08",0.08,0.148623334680699,0.0626259690271703,0.0635603479386602,0,0.300423500360815,8.40396280542056,10,6.4794403945762,10,NA,0.733074359313042,4.30833434746247,-2.90413139695296,-0.0254674190524371,0.00400952119018694,0.0174844522135157,"max_iter_reached",120,7.09166723322774e-06,NA,NA,NA,NA,NA,"ok",NA,"tecator","fat",5,"full",12,162,53,"exact enumerated reduced real-response BMA",4096,4.99997790316156,365
"Posterior clustering","posterior clustering","clusters=10, beta=0.08",0.08,0.128753721637029,0.0519048987893742,0.0542463670132099,0,0.001,7.3551466405359,15,7.0643697547194,17,NA,0.638361566226781,4.33587670118022,-2.90899172933969,0.00207493466530817,-0.000850811196539514,0.0952227856706987,"max_iter_reached",120,2.80467158761954e-05,NA,NA,NA,NA,NA,"ok",NA,"tecator","fat",5,"full",12,162,53,"exact enumerated reduced real-response BMA",4096,4.99997790316156,365
"Dilution-prior BMA","redundancy-aware prior","power=0.5",NA,0.927798373341922,9.27409100261064,4.41152559807218,2.22044604925031e-16,NA,11,NA,NA,NA,11,NA,4.31916595123736,-2.91821425185733,-0.0146358152775479,-0.0100733337141752,NA,NA,NA,NA,NA,NA,NA,NA,NA,"ok",NA,"tecator","fat",5,"full",12,162,53,"exact enumerated reduced real-response BMA",4096,4.99997790316156,365
"DPP-prior BMA","redundancy-aware prior","power=1",NA,0.989232771060374,20.6576638305376,5.29948431235516,1.11022302462516e-16,NA,2,NA,NA,NA,2,NA,4.30972653875847,-2.91791007698265,-0.0240752277564402,-0.00976915883949436,NA,NA,NA,NA,NA,NA,NA,NA,NA,"ok",NA,"tecator","fat",5,"full",12,162,53,"exact enumerated reduced real-response BMA",4096,4.99997790316156,365
"Lasso","predictive selection","alpha=1, lambda.min",NA,NA,NA,NA,NA,NA,10,NA,NA,NA,10,NA,3.35089046397027,-2.65278844171835,-0.982911302544641,0.255352476424797,NA,NA,NA,NA,NA,NA,NA,NA,0.0600000000001728,"ok",NA,"tecator","fat",5,"full",12,162,53,"exact enumerated reduced real-response BMA",4096,4.99997790316156,365
"Elastic net","predictive selection","alpha=0.5, lambda.min",NA,NA,NA,NA,NA,NA,11,NA,NA,NA,11,NA,3.41132110380875,-2.67331159267891,-0.922480662706158,0.234829325464238,NA,NA,NA,NA,NA,NA,NA,NA,0.0700000000001637,"ok",NA,"tecator","fat",5,"full",12,162,53,"exact enumerated reduced real-response BMA",4096,4.99997790316156,365
"Group lasso","predictive selection","group lasso, lambda.min",NA,NA,NA,NA,NA,NA,6,NA,NA,NA,6,NA,3.27571234239919,-2.61748080997449,-1.05808942411572,0.290660108168665,NA,NA,NA,NA,NA,NA,NA,NA,0.110000000000127,"ok",NA,"tecator","fat",5,"full",12,162,53,"exact enumerated reduced real-response BMA",4096,4.99997790316156,365
"ASK-PC pooled union","support-kernel compression","beta=0.02",0.02,0.0679319978283853,0.0162660877289446,0.0156090560205346,0,0.001,6.0157330539685,36,15.0235393754457,409,NA,0.133871130545565,0.276682263683632,-0.218724585958453,0.000430904181325853,-0.00252167027391501,0.226910155244737,"embedded_pruned_feasible_solution",0,0,503,488,409,TRUE,NA,"ok",NA,"gasoline","octane",5,"full",12,45,15,"exact enumerated reduced real-response BMA",4096,4.13584719939685,222
"ASK-PC pooled-pruned 99%","support-kernel compression","beta=0.02",0.02,0.0679319978283853,0.0162660877289446,0.0156090560205346,0,0.001,6.0157330539685,36,15.0235393754457,39,NA,0.133871130545565,0.276682263683632,-0.218724585958453,0.000430904181325853,-0.00252167027391501,0.00862969917747403,"max_iter_reached",120,8.99801218562368e-07,503,488,409,TRUE,NA,"ok",NA,"gasoline","octane",5,"full",12,45,15,"exact enumerated reduced real-response BMA",4096,4.13584719939685,222
"Fixed hard dictionary","fixed region dictionary","beta=0.02",0.02,0.0314745007964648,0.0149759866849654,0.0220687836544549,0,0.967969684858707,41.906053767612,9,1.23623609810022,49,NA,0.852903116522129,0.275812594596663,-0.217862532486014,-0.000438764905642819,-0.00165961680147544,0.296981452176347,"objective_converged_kkt_warning",88,1.81785440844795e-06,NA,NA,NA,NA,NA,"ok",NA,"gasoline","octane",5,"full",12,45,15,"exact enumerated reduced real-response BMA",4096,4.13584719939685,222
"Top-M support atoms","atom truncation","M=16, beta=0.02",0.02,0.251463265693466,0.221954293847148,0.167066358930853,0,0.298614127436685,26.5602508867978,17,9.59081560734608,17,16,0.750898505650135,0.279087614728032,-0.218311814057259,0.00283625522572617,-0.0021088983727203,0.00540567155594007,"objective_converged_kkt_warning",36,9.58301399789363e-07,NA,NA,NA,NA,NA,"ok",NA,"gasoline","octane",5,"full",12,45,15,"exact enumerated reduced real-response BMA",4096,4.13584719939685,222
"Top-M support atoms","atom truncation","M=32, beta=0.02",0.02,0.194910258492371,0.205911922810082,0.136094154615699,1.11022302462516e-16,0.220024821179886,23.0749262771351,33,15.1913409801312,33,32,0.664689722759616,0.277890172227814,-0.215953334746678,0.0016388127255082,0.000249580937859956,0.00591089831953839,"objective_converged_kkt_warning",34,1.21922373230721e-06,NA,NA,NA,NA,NA,"ok",NA,"gasoline","octane",5,"full",12,45,15,"exact enumerated reduced real-response BMA",4096,4.13584719939685,222
"Credible support set","credible support summary","coverage=0.9, beta=0.02",0.02,0.0904631156515413,0.147208706677904,0.0728994936041474,0,0.0980669910796803,17.7327445662557,104,32.3710771477144,117,116,0.498386332659523,0.277143199777134,-0.215649297720038,0.00089184027482786,0.000553617964500736,0.0089942905200816,"objective_converged_kkt_warning",32,9.67338174728827e-07,NA,NA,NA,NA,NA,"ok",NA,"gasoline","octane",5,"full",12,45,15,"exact enumerated reduced real-response BMA",4096,4.13584719939685,222
"Posterior clustering","posterior clustering","clusters=6, beta=0.02",0.02,0.0647987720489188,0.0149199468126621,0.0138028223456703,0,0.528129616324796,8.54779498855661,12,5.18585599232125,12,NA,0.184229911665606,0.277050600227473,-0.217293126164048,0.000799240725166739,-0.00109021047951,0.0374920050530807,"max_iter_reached",120,2.27126390466015e-05,NA,NA,NA,NA,NA,"ok",NA,"gasoline","octane",5,"full",12,45,15,"exact enumerated reduced real-response BMA",4096,4.13584719939685,222
"Posterior clustering","posterior clustering","clusters=10, beta=0.02",0.02,0.0665923565375532,0.0194353403307552,0.0183315646778148,0,0.0653206622410131,7.3945896586921,17,11.3663497386646,17,NA,0.164896476291591,0.276364022729241,-0.21658488850422,0.000112663226934762,-0.000381972819681387,0.0454869073456261,"max_iter_reached",120,2.90918957128738e-05,NA,NA,NA,NA,NA,"ok",NA,"gasoline","octane",5,"full",12,45,15,"exact enumerated reduced real-response BMA",4096,4.13584719939685,222
"ASK-PC pooled union","support-kernel compression","beta=0.08",0.08,0.149752325070958,0.0757895204700621,0.0708451251764063,0,0.001,4.42955537796285,9,5.64533401625453,409,NA,0.42842312134095,0.277426173355171,-0.223341555930399,0.00117481385286455,-0.00713864024586028,0.10491384655617,"embedded_pruned_feasible_solution",0,0,503,488,409,TRUE,NA,"ok",NA,"gasoline","octane",5,"full",12,45,15,"exact enumerated reduced real-response BMA",4096,4.13584719939685,222
"ASK-PC pooled-pruned 99%","support-kernel compression","beta=0.08",0.08,0.149752325070958,0.0757895204700621,0.0708451251764063,0,0.001,4.42955537796285,9,5.64533401625453,10,NA,0.42842312134095,0.277426173355171,-0.223341555930399,0.00117481385286455,-0.00713864024586028,0.00698704321362287,"objective_converged_kkt_warning",2,8.1279081243224e-08,503,488,409,TRUE,NA,"ok",NA,"gasoline","octane",5,"full",12,45,15,"exact enumerated reduced real-response BMA",4096,4.13584719939685,222
"Fixed hard dictionary","fixed region dictionary","beta=0.08",0.08,0.082600679003484,0.0592208631889934,0.116983965663768,0,0.299462749582683,14.3080893322111,11,2.27016097483325,49,NA,2.32105997510742,0.274872066900665,-0.220910386551392,-0.00137929260164055,-0.00470747086685347,0.369386313378946,"max_iter_reached",120,3.72163280015769e-05,NA,NA,NA,NA,NA,"ok",NA,"gasoline","octane",5,"full",12,45,15,"exact enumerated reduced real-response BMA",4096,4.13584719939685,222
"Top-M support atoms","atom truncation","M=16, beta=0.08",0.08,0.327572937632678,0.617469176194079,0.344415958966604,0,0.0893468969828646,16.4055065364331,17,10.4665240504714,17,16,1.92756151713032,0.280653599330528,-0.2216890468903,0.00440223982822163,-0.00548613120576125,0.00878315088810266,"objective_converged_kkt_warning",35,2.78472212444925e-06,NA,NA,NA,NA,NA,"ok",NA,"gasoline","octane",5,"full",12,45,15,"exact enumerated reduced real-response BMA",4096,4.13584719939685,222
"Top-M support atoms","atom truncation","M=32, beta=0.08",0.08,0.23800626965443,0.500538104387811,0.243516352583427,0,0.0634279524793697,15.4554021021639,33,15.7170171796714,33,32,1.73421552853876,0.279009491029106,-0.218618154693547,0.0027581315267996,-0.00241523900900872,0.00635269870581867,"objective_converged_kkt_warning",33,2.01032428481795e-06,NA,NA,NA,NA,NA,"ok",NA,"gasoline","octane",5,"full",12,45,15,"exact enumerated reduced real-response BMA",4096,4.13584719939685,222
"Credible support set","credible support summary","coverage=0.9, beta=0.08",0.08,0.135435981295618,0.288303494194494,0.111778317599439,0,0.0262922863287985,14.0789600214118,96,29.4443027702991,117,116,1.41123779547037,0.277647160597483,-0.217902586366253,0.0013958010951774,-0.0016996706817145,0.015569720883676,"objective_converged_kkt_warning",33,1.31797101476927e-06,NA,NA,NA,NA,NA,"ok",NA,"gasoline","octane",5,"full",12,45,15,"exact enumerated reduced real-response BMA",4096,4.13584719939685,222
"Posterior clustering","posterior clustering","clusters=6, beta=0.08",0.08,0.152944760669114,0.0939798528613209,0.0763391794348753,0,0.0480304456303005,6.62333487241243,12,4.41858839730498,12,NA,0.622360822376357,0.277795558366793,-0.21894595251568,0.0015441988644872,-0.00274303683114169,0.107694862435674,"max_iter_reached",120,5.69893802607746e-05,NA,NA,NA,NA,NA,"ok",NA,"gasoline","octane",5,"full",12,45,15,"exact enumerated reduced real-response BMA",4096,4.13584719939685,222
"Posterior clustering","posterior clustering","clusters=10, beta=0.08",0.08,0.121655527675203,0.0486913755325122,0.0443955236354129,0,0.001,6.56539498559307,15,7.02706296732424,17,NA,0.571973205547015,0.27681541598111,-0.218371441094195,0.000564056478804087,-0.00216852540965715,0.0980832438327042,"max_iter_reached",120,6.6758654197141e-05,NA,NA,NA,NA,NA,"ok",NA,"gasoline","octane",5,"full",12,45,15,"exact enumerated reduced real-response BMA",4096,4.13584719939685,222
"Dilution-prior BMA","redundancy-aware prior","power=0.5",NA,0.624837927862979,1.82101034868819,1.10931934203541,0,NA,49,NA,NA,NA,49,NA,0.280067371917299,-0.245069418278932,0.00381601241499313,-0.0288665025943934,NA,NA,NA,NA,NA,NA,NA,NA,NA,"ok",NA,"gasoline","octane",5,"full",12,45,15,"exact enumerated reduced real-response BMA",4096,4.13584719939685,222
"DPP-prior BMA","redundancy-aware prior","power=1",NA,0.801978589079027,5.18376823948215,2.21280688786598,0,NA,28,NA,NA,NA,28,NA,0.275474379411166,-0.262565592625861,-0.000776980091140467,-0.046362676941323,NA,NA,NA,NA,NA,NA,NA,NA,NA,"ok",NA,"gasoline","octane",5,"full",12,45,15,"exact enumerated reduced real-response BMA",4096,4.13584719939685,222
"Lasso","predictive selection","alpha=1, lambda.min",NA,NA,NA,NA,NA,NA,10,NA,NA,NA,10,NA,0.268054695430338,-0.800273816634465,-0.00819666407196784,-0.584070900949927,NA,NA,NA,NA,NA,NA,NA,NA,0.0499999999999545,"ok",NA,"gasoline","octane",5,"full",12,45,15,"exact enumerated reduced real-response BMA",4096,4.13584719939685,222
"Elastic net","predictive selection","alpha=0.5, lambda.min",NA,NA,NA,NA,NA,NA,11,NA,NA,NA,11,NA,0.276550852129479,-0.973102075652523,0.000299492627173159,-0.756899159967985,NA,NA,NA,NA,NA,NA,NA,NA,0.0299999999999727,"ok",NA,"gasoline","octane",5,"full",12,45,15,"exact enumerated reduced real-response BMA",4096,4.13584719939685,222
"Group lasso","predictive selection","group lasso, lambda.min",NA,NA,NA,NA,NA,NA,6,NA,NA,NA,6,NA,0.310236037405733,-1.83962903187125,0.033984677903427,-1.62342611618671,NA,NA,NA,NA,NA,NA,NA,NA,0.0499999999999545,"ok",NA,"gasoline","octane",5,"full",12,45,15,"exact enumerated reduced real-response BMA",4096,4.13584719939685,222
