"dataset","method","method_family","tuning","mode","p_reduced","tv_mean","tv_se","fkl_mean","fkl_se","rkl_mean","rkl_se","q0_mean","q0_se","expected_code_mean","expected_code_se","active_kernels_001_mean","active_kernels_001_se","q_effective_kernels_mean","q_effective_kernels_se","stored_atoms_mean","stored_atoms_se","rmse_gap_mean","rmse_gap_se","logscore_gap_mean","logscore_gap_se","kkt_residual_mean","kkt_residual_se","runtime_sec_mean","runtime_sec_se","reference_support_n95_mean","reference_support_n95_se","n_replications"
"gasoline","Top-M support atoms","atom truncation","M=16, beta=0.02","full",12,0.282220299542526,0.00925234602834691,0.22466571618082,0.000746218136346562,0.184207840261859,0.00516677338784223,0.358167842294326,0.0190236468396229,29.3821117306456,0.930249947732606,17,0,9.08719196141354,0.178253082221207,16,0,0.00366909430639523,0.00136321353210729,0.00155360540274752,0.00193894293157432,0.00521625357363754,0.000370079537083249,NA,NA,264,22.1788187241792,5
"tecator","Top-M support atoms","atom truncation","M=16, beta=0.02","full",12,0.297259650562276,0.00603584905683701,0.221023794911734,0.00157438756771547,0.192354791403916,0.00384785035912422,0.40414047221493,0.019176738525874,31.9234540361523,0.949428235234474,17,0,8.14339092005679,0.213126099495117,16,0,-0.0156676986766213,0.00350537037619658,0.00311149857835744,0.000346448103304372,0.00602020203754825,0.000319220454270899,NA,NA,308,22.7771815640127,5
"gasoline","Top-M support atoms","atom truncation","M=16, beta=0.08","full",12,0.393772002166124,0.0208681795673524,0.695133291498577,0.0243745205207841,0.43138919820029,0.0284200047695997,0.109781992581193,0.00654582091191558,17.3834836406048,0.353641781014785,17,0,11.3462110357815,0.505033422048524,16,0,0.00543505395704174,0.0021954758788403,-0.000830964980645313,0.00285185934045427,0.0072168084741968,0.000473148807490197,NA,NA,264,22.1788187241792,5
"tecator","Top-M support atoms","atom truncation","M=16, beta=0.08","full",12,0.438489947363834,0.0196568522229978,0.754617981713186,0.0248963369735104,0.524952428393384,0.0388865126257176,0.125592879899653,0.00662329515807337,18.4693822953575,0.393267635801376,17,0,11.1204557167197,0.219834647904888,16,0,-0.0216148732688531,0.00555452824191803,0.00349959763968659,0.000873827456053844,0.00970843928200107,0.000576379409883073,NA,NA,308,22.7771815640127,5
"gasoline","Top-M support atoms","atom truncation","M=32, beta=0.02","full",12,0.231039675159376,0.0122263204364533,0.215756446835724,0.00300594082163325,0.155706742988674,0.00661385439437139,0.271153432645629,0.0180261462139441,25.4568770392181,0.863455744260452,33,0,15.3226500971753,0.477125668022069,32,0,0.0029220644166231,0.00135925615820055,0.00170613076412459,0.00169449376005525,0.00626860851025205,0.000473124720156064,NA,NA,264,22.1788187241792,5
"tecator","Top-M support atoms","atom truncation","M=32, beta=0.02","full",12,0.259721726379311,0.00935198284928457,0.219090344326203,0.00114148322823125,0.170623527975852,0.0048451446883881,0.322341915808604,0.0181020827601325,28.2376063747785,0.948695466138522,33,0,13.6850535806523,0.28464521911545,32,0,-0.0151732542921776,0.00373057388863707,0.00280637908396146,0.000415906860695917,0.00586302677927678,0.000288413241732996,NA,NA,308,22.7771815640127,5
"gasoline","Top-M support atoms","atom truncation","M=32, beta=0.08","full",12,0.294683306496381,0.0202294524178109,0.576095487303587,0.0264076766057183,0.310590056374757,0.0246822623201027,0.0803083566990404,0.00598882980434572,16.2016682217212,0.293582894880732,33,0,18.3809568000073,1.10529796250675,32,0,0.00424495748847219,0.00194803242989591,-0.00185206854100748,0.00163172795329261,0.00936950952454582,0.00103933629536398,NA,NA,264,22.1788187241792,5
"tecator","Top-M support atoms","atom truncation","M=32, beta=0.08","full",12,0.349445078428886,0.0186825374090722,0.648420481462319,0.0231815230923239,0.393122157087963,0.0270171516094418,0.0975271539406233,0.00619585359648323,17.3376459508991,0.428666209045791,33,0,18.3456188215078,0.495904365464879,32,0,-0.0196356883565623,0.00531573986462587,0.00284569178940623,0.000680520309079425,0.00994176762226497,0.000606528636755654,NA,NA,308,22.7771815640127,5
"gasoline","Elastic net","predictive selection","alpha=0.5, lambda.min","full",12,NA,NA,NA,NA,NA,NA,NA,NA,10.2,0.66332495807108,NA,NA,NA,NA,10.2,0.66332495807108,0.00603490561168616,0.0098962916063378,-0.0262018919090246,0.210099641907558,NA,NA,0.0419999999999959,0.00800000000001546,264,22.1788187241792,5
"tecator","Elastic net","predictive selection","alpha=0.5, lambda.min","full",12,NA,NA,NA,NA,NA,NA,NA,NA,11,0,NA,NA,NA,NA,11,0,-0.893810764203349,0.0814657959967576,0.302133674005216,0.0339492371508609,NA,NA,0.0720000000000425,0.00374165738678269,308,22.7771815640127,5
"gasoline","Lasso","predictive selection","alpha=1, lambda.min","full",12,NA,NA,NA,NA,NA,NA,NA,NA,8.8,0.58309518948453,NA,NA,NA,NA,8.8,0.58309518948453,0.00274152308589753,0.00972923319905289,0.0174202050929312,0.189226831137466,NA,NA,0.0440000000000396,0.00599999999998602,264,22.1788187241792,5
"tecator","Lasso","predictive selection","alpha=1, lambda.min","full",12,NA,NA,NA,NA,NA,NA,NA,NA,9,0.547722557505166,NA,NA,NA,NA,9,0.547722557505166,-0.913538389772632,0.100290768428347,0.307182850237544,0.0370224650204482,NA,NA,0.0680000000000291,0.0131909059582687,308,22.7771815640127,5
"gasoline","Fixed hard dictionary","fixed region dictionary","beta=0.02","full",12,0.0559209547062429,0.0110825617307848,0.0262950282797317,0.00510079700462852,0.0372835424296942,0.00674647537149374,0.941742193873255,0.0119944399120553,41.01406935824,0.406775305785937,9.8,0.374165738677394,1.41951678059279,0.0838583550985188,NA,NA,-0.000329788312224155,0.000427943239044046,-0.00606806934352014,0.0018248241330291,0.290714091366887,0.00823608579268239,NA,NA,264,22.1788187241792,5
"tecator","Fixed hard dictionary","fixed region dictionary","beta=0.02","full",12,0.157149631151997,0.0148215903622279,0.0725322074177435,0.00718610221483485,0.0892386960579984,0.00752459997016367,0.815792563788398,0.020634780390818,36.8179068826533,0.697073156870943,8,0.547722557505166,2.14392551857024,0.134736708644488,NA,NA,-0.00648535290392118,0.0035648724737761,-0.000117327341879658,0.00064775506045551,0.164011628206449,0.047233054259428,NA,NA,308,22.7771815640127,5
"gasoline","ASK-PC pooled union","support-kernel compression","beta=0.02","full",12,0.066507787030688,0.000782097531515076,0.0155286933648318,0.000284440315791797,0.0149029444995099,0.000283799872743614,0.001,0,5.95953215809581,0.0382161308712288,33,2.0976176963403,11.5394242580753,1.56690399815174,NA,NA,0.000224820050436836,0.000451111054088728,-0.00343444155390354,0.000453777602748344,0.51461681016643,0.0924538224835392,NA,NA,264,22.1788187241792,5
"tecator","ASK-PC pooled union","support-kernel compression","beta=0.02","full",12,0.0762232741443604,0.00228231882070439,0.0223132756904445,0.00151194069796221,0.0216520124352025,0.001181433882233,0.001,0,6.45303173112599,0.0907864592403488,34,1.30384048104053,14.8262715892311,0.569455789470321,NA,NA,-0.00050667803670148,0.00138606918479279,-0.000412283503894528,0.000225761554190136,0.0317738650701226,0.00446490646384303,NA,NA,308,22.7771815640127,5
"gasoline","ASK-PC pooled-pruned 99%","support-kernel compression","beta=0.02","full",12,0.066507787030688,0.000782097531515076,0.0155286933648318,0.000284440315791797,0.0149029444995099,0.000283799872743614,0.001,0,5.95953215809581,0.0382161308712288,33,2.0976176963403,11.5394242580753,1.56690399815174,NA,NA,0.000224820050436836,0.000451111054088728,-0.00343444155390354,0.000453777602748344,0.00913569293491916,0.000455483439679012,NA,NA,264,22.1788187241792,5
"tecator","ASK-PC pooled-pruned 99%","support-kernel compression","beta=0.02","full",12,0.0762232741443604,0.00228231882070439,0.0223132756904445,0.00151194069796221,0.0216520124352025,0.001181433882233,0.001,0,6.45303173112599,0.0907864592403488,34,1.30384048104053,14.8262715892311,0.569455789470321,NA,NA,-0.00050667803670148,0.00138606918479279,-0.000412283503894528,0.000225761554190136,0.0068515702892046,0.000654777952301537,NA,NA,308,22.7771815640127,5
"gasoline","Fixed hard dictionary","fixed region dictionary","beta=0.08","full",12,0.201567404894358,0.0590604449748171,0.188364986118809,0.0749613663171932,0.468717910421787,0.247446295427615,0.297950229959152,0.00311782394026736,14.660316243432,0.348956216916493,14.2,1.59373774505092,4.15037398528567,1.50856292267911,NA,NA,0.00132875061399095,0.00298790112778507,-0.0307639970124275,0.013019591339701,0.338886230132141,0.0150657555163419,NA,NA,264,22.1788187241792,5
"tecator","Fixed hard dictionary","fixed region dictionary","beta=0.08","full",12,0.363263128294236,0.0320178592294265,0.319607748996052,0.0380645152194826,0.433442211556973,0.0396394281946459,0.269447051720409,0.00477998030259615,14.3041732603098,0.000592178656184955,11.2,0.374165738677394,5.64421464696323,0.331160615139712,NA,NA,-0.0128309183717301,0.00861273627731512,-0.000759435868040637,0.00154214117746004,0.329496150492371,0.00504090110271635,NA,NA,308,22.7771815640127,5
"gasoline","ASK-PC pooled union","support-kernel compression","beta=0.08","full",12,0.147537192966012,0.00248666224781359,0.0722758378693307,0.00196083426190987,0.0697891132547297,0.00130615808427104,0.001,4.84869951806108e-20,4.54668867865302,0.0591898153865126,9.8,0.58309518948453,6.24424311974843,0.264974182052202,NA,NA,0.000475168564760348,0.000968947622041107,-0.0105757886854419,0.00136891866801425,0.037199376683785,0.0170040485140442,NA,NA,264,22.1788187241792,5
"tecator","ASK-PC pooled union","support-kernel compression","beta=0.08","full",12,0.169239265676451,0.00274332171697339,0.0936291280965005,0.00268539700782692,0.0915420694899409,0.00266404664893793,0.001,0,4.55272074214749,0.0263756230679103,9.8,0.734846922834953,5.81442343076891,0.420144349557743,NA,NA,-0.000208624176543015,0.00337640786873821,-0.00136211949714715,0.000573003210245204,0.0270123306430804,0.0106551022691785,NA,NA,308,22.7771815640127,5
"gasoline","ASK-PC pooled-pruned 99%","support-kernel compression","beta=0.08","full",12,0.147537192966012,0.00248666224781359,0.0722758378693307,0.00196083426190987,0.0697891132547297,0.00130615808427104,0.001,4.84869951806108e-20,4.54668867865302,0.0591898153865126,9.8,0.58309518948453,6.24424311974843,0.264974182052202,NA,NA,0.000475168564760348,0.000968947622041107,-0.0105757886854419,0.00136891866801425,0.00651523588279508,0.00153939265115553,NA,NA,264,22.1788187241792,5
"tecator","ASK-PC pooled-pruned 99%","support-kernel compression","beta=0.08","full",12,0.170127159683395,0.00293815662945619,0.0941065791588848,0.0026019844017259,0.0921044486456624,0.002664814505,0.001,4.84869951806108e-20,4.54897700250072,0.023214044816503,9,0.632455532033676,5.65157206998772,0.375531890062766,NA,NA,-0.000157277565343517,0.00335291853116967,-0.00137835950694862,0.000566481948857959,0.00483354240989895,0.000583088583038153,NA,NA,308,22.7771815640127,5
"gasoline","Posterior clustering","posterior clustering","clusters=10, beta=0.02","full",12,0.073089874540025,0.00607648411844078,0.0207458292005353,0.00217158116310496,0.0195339796667162,0.0020395164600941,0.152562557425726,0.0470516327469206,7.4701947269968,0.116253104576074,17.4,0.4,9.85035317153443,0.61878726437982,NA,NA,-0.000336117521075002,0.000245455650570319,-0.000457404516872023,0.000439615811990401,0.0426191673505273,0.00203086801963011,NA,NA,264,22.1788187241792,5
"tecator","Posterior clustering","posterior clustering","clusters=10, beta=0.02","full",12,0.0581746258232459,0.00376527111319595,0.0134520699857574,0.00129550434909213,0.0127283036617608,0.0012676701529646,0.311701214887063,0.0680788420468963,8.82061574702643,0.146141134889336,15.8,0.58309518948453,8.67868211156469,0.592709858775373,NA,NA,-0.00398640530587926,0.00133680652140658,0.000802093667879866,0.000238849240203363,0.0285952595783752,0.00345416577557663,NA,NA,308,22.7771815640127,5
"gasoline","Posterior clustering","posterior clustering","clusters=10, beta=0.08","full",12,0.125987695913975,0.00602867253132312,0.0547910976034015,0.00407795902962036,0.0494930470245211,0.00333947024006902,0.001,4.84869951806108e-20,6.45412641065234,0.0582870379830263,14.8,0.734846922834953,6.67914832079058,0.36354413159246,NA,NA,-0.000747159785178231,0.000732165496979385,-0.00175795424058308,0.00106511759136726,0.0909877008497963,0.00271720868856335,NA,NA,264,22.1788187241792,5
"tecator","Posterior clustering","posterior clustering","clusters=10, beta=0.08","full",12,0.138713161064534,0.00530377418740246,0.0673157236950636,0.00444031223557872,0.0642139396647337,0.00336866234894488,0.041682047568348,0.0204920956934981,7.65168849956317,0.117434201911333,15.4,0.509901951359279,10.1672786259931,1.13277571409263,NA,NA,-0.00479142010210278,0.00351058689773532,0.000770317420489164,0.000606200568063611,0.0547956739199437,0.0138582257163614,NA,NA,308,22.7771815640127,5
"gasoline","Posterior clustering","posterior clustering","clusters=6, beta=0.02","full",12,0.0757787592314061,0.00310158397771198,0.0189585318573076,0.00167844309144045,0.0181545656893353,0.00170049686823205,0.489651304420989,0.0581278756914612,8.1031943000092,0.185945717820504,11.8,0.2,5.00098219785494,0.529392964748019,NA,NA,0.00100998283795642,0.000709058839086906,-0.00207574194295162,0.000923385753914195,0.0410438564217652,0.00331746859797905,NA,NA,264,22.1788187241792,5
"tecator","Posterior clustering","posterior clustering","clusters=6, beta=0.02","full",12,0.0526009616081569,0.00157119195951437,0.00897165938248467,0.000909128361184001,0.00880061258815223,0.000833022484011581,0.569531772678123,0.117367250306192,9.18592103555137,0.190112550502992,10.2,0.489897948556636,4.21319749375634,0.813377724912975,NA,NA,-0.00349824716385143,0.0015223316910523,0.00065004246291851,0.000225991617525562,0.0236172751179927,0.00363259721411668,NA,NA,308,22.7771815640127,5
"gasoline","Posterior clustering","posterior clustering","clusters=6, beta=0.08","full",12,0.174726784645096,0.0178622176438052,0.107662172273699,0.0153922028521213,0.0926227648782752,0.0135470378911607,0.0288738142885838,0.0137240372305488,5.83309698453222,0.329850551657762,8.6,1.12249721603218,3.70186143690513,0.609958146487829,NA,NA,0.00155626672776855,0.00125525629268102,-0.00519345060577343,0.00195294785839856,0.129407492889803,0.014887269079551,NA,NA,264,22.1788187241792,5
"tecator","Posterior clustering","posterior clustering","clusters=6, beta=0.08","full",12,0.149272450811318,0.0030688767471464,0.0685835785341926,0.00333649355615627,0.0687102165768389,0.00227285144422004,0.234786704999441,0.0703702405908916,7.95822226738013,0.216576565260752,10.2,0.489897948556636,6.48364475002872,0.599680339103411,NA,NA,-0.00812484415961867,0.0062437840355985,0.00124264066949085,0.00099785604381118,0.0500235290785309,0.0172311029217623,NA,NA,308,22.7771815640127,5
"gasoline","Credible support set","credible support summary","coverage=0.9, beta=0.02","full",12,0.0903095267072418,0.000121798234590671,0.1472072950863,0.000238164494236262,0.0729223136220152,0.000115367430147631,0.0979419143193484,0.000200693161139865,17.7356653274091,0.112665769835627,120.6,5.16333225737023,47.0702705418162,5.31037379192018,147.6,14.7803924169827,0.00117920162920467,0.00055302934464318,0.000777552337361914,0.000538074203296371,0.00884562401971922,0.000317952185415217,NA,NA,264,22.1788187241792,5
"tecator","Credible support set","credible support summary","coverage=0.9, beta=0.02","full",12,0.0908479147795072,0.000101939327776265,0.145782806734616,0.000383162297534933,0.0727961903121127,6.80777094145122e-05,0.0996169279132468,0.000549985953282647,18.6298820645374,0.25223835571541,141.6,9.25526876973327,60.2915270276092,6.85700194087514,195.8,17.3072239252862,-0.00729515822055316,0.001675599361265,0.00129865810842631,0.00018619914773006,0.00906655142664445,0.00106028509932025,NA,NA,308,22.7771815640127,5
"gasoline","Credible support set","credible support summary","coverage=0.9, beta=0.08","full",12,0.136950788743427,0.00174905499302237,0.290455540137106,0.00146267109953159,0.115252382939765,0.00187435623674764,0.0262631698130585,5.91409859974016e-05,14.0473279128205,0.121126926272948,116.6,6.12045749923974,46.3573650371409,6.0513312214858,147.6,14.7803924169827,0.00148464553035417,0.000815717561701471,-0.00365521587449024,0.000688694445092103,0.0218033338487747,0.00292192851136734,NA,NA,264,22.1788187241792,5
"tecator","Credible support set","credible support summary","coverage=0.9, beta=0.08","full",12,0.143474825813631,0.00237737583586575,0.294406719950417,0.00093968431933373,0.121953342393618,0.0016085281660195,0.0267441441981928,0.000158968140198544,14.8374491569778,0.231525275420637,133,8.70057469366248,59.363702754796,7.05599365715012,195.8,17.3072239252862,-0.00800934540596394,0.0026447003535893,0.000847120878325835,0.000358579658845056,0.0239518733116398,0.000835856414003791,NA,NA,308,22.7771815640127,5
"gasoline","Group lasso","predictive selection","group lasso, lambda.min","full",12,NA,NA,NA,NA,NA,NA,NA,NA,5.4,0.244948974278318,NA,NA,NA,NA,5.4,0.244948974278318,0.00659929646372112,0.0130280206226049,-0.136368053918152,0.373950225635832,NA,NA,0.0640000000000441,0.00509901951359038,264,22.1788187241792,5
"tecator","Group lasso","predictive selection","group lasso, lambda.min","full",12,NA,NA,NA,NA,NA,NA,NA,NA,5.8,0.2,NA,NA,NA,NA,5.8,0.2,-0.898310779669986,0.12441408620477,0.303389117324065,0.0419706010313254,NA,NA,0.146000000000021,0.0215870331449216,308,22.7771815640127,5
"gasoline","Dilution-prior BMA","redundancy-aware prior","power=0.5","full",12,0.642413473572729,0.0102955521603388,1.89907301873303,0.070077378912764,1.23723942203365,0.0680900629683662,NA,NA,72,6.94262198308391,NA,NA,NA,NA,72,6.94262198308391,0.00364754980251727,0.00377010949605972,-0.0541083591340088,0.00797517923510749,NA,NA,NA,NA,264,22.1788187241792,5
"tecator","Dilution-prior BMA","redundancy-aware prior","power=0.5","full",12,0.904062260170444,0.00663408259276808,8.22523438492326,0.308302561518962,3.93425555482983,0.130558916328973,NA,NA,10,0.447213595499958,NA,NA,NA,NA,10,0.447213595499958,0.0522904762623402,0.0218146111700295,-0.0211210155053369,0.00341301562594131,NA,NA,NA,NA,308,22.7771815640127,5
"gasoline","DPP-prior BMA","redundancy-aware prior","power=1","full",12,0.81649719592331,0.0153030745630758,5.5711741069087,0.238996166373073,2.60404274255973,0.177172833636761,NA,NA,31.4,1.28840987267251,NA,NA,NA,NA,31.4,1.28840987267251,0.0173010812416174,0.0069499500225348,-0.104520737505738,0.0173265326039862,NA,NA,NA,NA,264,22.1788187241792,5
"tecator","DPP-prior BMA","redundancy-aware prior","power=1","full",12,0.984333869092186,0.00173635660676497,18.9692964380381,0.476869260902492,4.66918600677578,0.17451014677866,NA,NA,2.6,0.244948974278318,NA,NA,NA,NA,2.6,0.244948974278318,0.0582940205499923,0.0248472578903492,-0.0230054960335813,0.0039078612983332,NA,NA,NA,NA,308,22.7771815640127,5
