"scenario","rho","method","method_family","tuning","mode","p","reference_mode","tv_mean","tv_se","fkl_mean","fkl_se","rkl_mean","rkl_se","q0_mean","q0_se","expected_code_mean","expected_code_se","active_kernels_001_mean","active_kernels_001_se","q_effective_kernels_mean","q_effective_kernels_se","n_kernels_mean","n_kernels_se","stored_atoms_mean","stored_atoms_se","objective_mean","objective_se","rmse_gap_mean","rmse_gap_se","logscore_gap_mean","logscore_gap_se","kkt_residual_mean","kkt_residual_se","runtime_sec_reference_mean","runtime_sec_reference_se","optimizer_iterations_mean","optimizer_iterations_se","objective_change_mean","objective_change_se","raw_candidates_mean","raw_candidates_se","key_deduped_candidates_mean","key_deduped_candidates_se","near_deduped_candidates_mean","near_deduped_candidates_se","reference_support_n95_mean","reference_support_n95_se","unique_supports_mean","unique_supports_se","ess_min_mean","ess_min_se","split_rhat_max_mean","split_rhat_max_se","n_replications"
"graph_community",0.7,"Posterior clustering","posterior clustering","clusters=8, beta=0.005","full",100,"mcmc_empirical_visited_supports",0.037378247638779,0.00130719940693923,0.00415102725772483,0.000458803919364141,0.00408848781155905,0.000409146032054502,0.782665439147038,0.0382183051793103,17.5501522558847,0.0686068834397965,13,0,2.79728481245651,0.376027053839385,13,0,NA,NA,0.0908913597251294,0.000288590091308732,-0.000452727578721465,0.000446697937145871,-0.000116370898167665,0.000518930318747297,0.0300246358056881,0.00308539976922034,24.9,2.55571907689404,120,0,2.68606758919524e-05,4.90200974272854e-06,NA,NA,NA,NA,NA,NA,826,207.588535328905,1566.33333333333,265.538655901128,197.176687569914,12.1930674443513,1.05439923462968,0.00731701808888028,3
"graph_community",0.7,"ASK-PC pooled union","support-kernel compression","beta=0.005","full",100,"mcmc_empirical_visited_supports",0.0663910703787142,0.00182026149179125,0.013143949129643,0.000680493550844094,0.0128183744358953,0.000617150239231931,0.485702225859585,0.0370295832699528,13.3769204030019,0.295192163274194,84.6666666666667,6.83942817622773,22.156621227335,3.25818082775352,1294.66666666667,30.601379780076,NA,NA,0.0769549023750546,0.000953513005144664,0.000657729718895363,0.00109241590304961,0.000398366426212677,0.00165000165441487,0.0195246917744727,0.00178454937899269,24.9,2.55571907689404,0,0,0,0,2343.66666666667,3.2829526005987,2326.66666666667,5.92546294487706,1294.66666666667,30.601379780076,826,207.588535328905,1566.33333333333,265.538655901128,197.176687569914,12.1930674443513,1.05439923462968,0.00731701808888028,3
"graph_community",0.7,"ASK-PC pooled-pruned 99%","support-kernel compression","beta=0.005","full",100,"mcmc_empirical_visited_supports",0.0663910703787142,0.00182026149179125,0.013143949129643,0.000680493550844094,0.0128183744358953,0.000617150239231931,0.485702225859585,0.0370295832699528,13.3769204030019,0.295192163274194,84.6666666666667,6.83942817622773,22.156621227335,3.25818082775352,377.333333333333,13.5932990027358,NA,NA,0.0769549023750546,0.000953513005144664,0.000657729718895363,0.00109241590304961,0.000398366426212677,0.00165000165441487,0.010922213810142,0.00181147633264012,24.9,2.55571907689404,1,0,8.48789293248867e-08,2.65297992605827e-09,2343.66666666667,3.2829526005987,2326.66666666667,5.92546294487706,1294.66666666667,30.601379780076,826,207.588535328905,1566.33333333333,265.538655901128,197.176687569914,12.1930674443513,1.05439923462968,0.00731701808888028,3
"graph_community",0.7,"Fixed hard dictionary","fixed region dictionary","beta=0.005","full",100,"mcmc_empirical_visited_supports",0.185169025474465,0.0930105685077094,0.16125818140198,0.0813516864538122,0.168498484780048,0.0911116696389402,0.60137915965996,0.198454770666044,153.047330689196,42.7447857240039,33.3333333333333,7.88106027835793,6.42488842714945,2.64377852121717,49,0,NA,NA,0.957223141920001,0.171344978366247,0.00746171414947348,0.0043344972300438,-0.00414053644193994,0.00227344475773432,0.0603821061664596,0.0138012500270108,24.9,2.55571907689404,120,0,2.01398588261329e-05,8.81828306269209e-06,NA,NA,NA,NA,NA,NA,826,207.588535328905,1566.33333333333,265.538655901128,197.176687569914,12.1930674443513,1.05439923462968,0.00731701808888028,3
"graph_community",0.9,"Credible support set","credible support summary","coverage=0.9, beta=0.02","full",100,"mcmc_empirical_visited_supports",0.102425540503284,0.0003239920895629,0.426661212485652,0.000178703349621628,0.103682095006779,0.000190889131466583,0.00554779320412536,3.15316835111935e-06,30.0211802050875,0.225828844635322,93.6666666666667,2.72845092395748,74.8016577983673,12.928110537677,751.333333333333,114.665213169082,750.333333333333,114.665213169082,1.02280507178299,0.00483656795113334,0.00131193910868599,0.000658743086537032,-0.000907093131665036,0.000393338413551516,0.0232799441666241,0.0064686234222329,26.0766666666667,2.41925838039493,54.3333333333333,1.20185042515466,1.83462967114541e-06,1.1580219833279e-07,NA,NA,NA,NA,NA,NA,1228.33333333333,163.269034963087,2100.66666666667,189.320128647514,174.926332540067,7.44876871028743,1.03111151739593,0.00748628577765558,3
"graph_community",0.7,"Dilution-prior BMA","redundancy-aware prior","power=0.25 over visited supports","full",100,"mcmc_empirical_visited_supports",0.199711733120336,0.0189121010734665,0.464365202437912,0.0715246087897467,0.197928618930577,0.0185642108748763,NA,NA,296.666666666667,69.3645762939877,NA,NA,NA,NA,NA,NA,296.666666666667,69.3645762939877,NA,NA,0.00474568571351345,0.00154871767793336,-0.0033789196982521,0.00147401879635,NA,NA,24.9,2.55571907689404,NA,NA,NA,NA,NA,NA,NA,NA,NA,NA,826,207.588535328905,1566.33333333333,265.538655901128,197.176687569914,12.1930674443513,1.05439923462968,0.00731701808888028,3
"graph_community",0.7,"DPP-prior BMA","redundancy-aware prior","power=0.5 over visited supports","full",100,"mcmc_empirical_visited_supports",0.225914539181945,0.013581938951364,0.497662356223159,0.0660912654164006,0.220877581525443,0.0161152112444724,NA,NA,287,67.0024875160119,NA,NA,NA,NA,NA,NA,287,67.0024875160119,NA,NA,0.00559573680064407,0.00259281545171668,-0.00226086146803062,0.00326739941834729,NA,NA,24.9,2.55571907689404,NA,NA,NA,NA,NA,NA,NA,NA,NA,NA,826,207.588535328905,1566.33333333333,265.538655901128,197.176687569914,12.1930674443513,1.05439923462968,0.00731701808888028,3
"graph_community",0.7,"Top-M support atoms","atom truncation","M=96, beta=0.005","full",100,"mcmc_empirical_visited_supports",0.243751247438218,0.0367654401480982,0.532422588608343,0.0530646206249283,0.240349558501339,0.0389884223687926,0.0557334143862858,0.00853907449333154,81.6855492532331,6.92501043201083,94,3,25.2579987696192,4.54549346808697,97,0,96,0,0.937651204772285,0.0842905542740737,0.00488143232527823,0.00161878906571272,-0.00596276125886604,0.00219591539803702,0.00772487661485059,0.000194111909560302,24.9,2.55571907689404,33.6666666666667,0.666666666666667,1.80444296282722e-06,1.88474637737523e-07,NA,NA,NA,NA,NA,NA,826,207.588535328905,1566.33333333333,265.538655901128,197.176687569914,12.1930674443513,1.05439923462968,0.00731701808888028,3
"multi_representative",0.7,"Posterior clustering","posterior clustering","clusters=8, beta=0.005","full",100,"mcmc_empirical_visited_supports",0.0419554712275024,0.00179112131802429,0.00443316677070091,0.000454866128052815,0.00437311474900254,0.000420378139137169,0.801427959691274,0.0260656232048756,17.1776303705896,0.154039253137439,11.6666666666667,0.881917103688197,2.52348054931617,0.157376601606911,11.6666666666667,0.881917103688197,NA,NA,0.0893995551595862,0.000377225822817406,0.00173941005176285,0.000153245660182762,-0.00120326904045472,0.000202014747556989,0.0238091800297052,0.00538567551355266,19.7266666666668,3.01450567165581,120,0,1.35587145015335e-05,1.85587784390145e-06,NA,NA,NA,NA,NA,NA,743.666666666667,127.63271959459,1466,174.596678089819,167.362938128627,5.24002470015892,1.04318834753332,0.0133062875231701,3
"multi_representative",0.7,"ASK-PC pooled union","support-kernel compression","beta=0.005","full",100,"mcmc_empirical_visited_supports",0.0674961778192221,0.0018118607928799,0.0132714118139089,0.000969607880488866,0.0127832424086586,0.000825036467245742,0.513770654128494,0.0484874956288979,13.2878586189545,0.446679198834464,89.3333333333333,6.93621734889494,22.1148966192546,3.17661795870164,1287.66666666667,44.382178605582,NA,NA,0.0766340268968281,0.00139577468625875,0.00368998576519138,0.000826421672492124,-0.00260510505001569,0.000621890829734447,0.0173464592911054,0.000600608637794733,19.7266666666668,3.01450567165581,0,0,0,0,2335.33333333333,4.70224532655529,2317.33333333333,6.17341972581738,1287.66666666667,44.382178605582,743.666666666667,127.63271959459,1466,174.596678089819,167.362938128627,5.24002470015892,1.04318834753332,0.0133062875231701,3
"multi_representative",0.7,"ASK-PC pooled-pruned 99%","support-kernel compression","beta=0.005","full",100,"mcmc_empirical_visited_supports",0.0674961778192221,0.0018118607928799,0.0132714118139089,0.000969607880488866,0.0127832424086586,0.000825036467245742,0.513770654128494,0.0484874956288979,13.2878586189545,0.446679198834464,89.3333333333333,6.93621734889494,22.1148966192546,3.17661795870164,401.333333333333,24.6328597157898,NA,NA,0.0766340268968281,0.00139577468625875,0.00368998576519138,0.000826421672492124,-0.00260510505001569,0.000621890829734447,0.00927329209017094,0.000597586449510203,19.7266666666668,3.01450567165581,47.3333333333333,46.3333333333333,2.27562806390247e-07,1.31406382818033e-07,2335.33333333333,4.70224532655529,2317.33333333333,6.17341972581738,1287.66666666667,44.382178605582,743.666666666667,127.63271959459,1466,174.596678089819,167.362938128627,5.24002470015892,1.04318834753332,0.0133062875231701,3
"multi_representative",0.7,"Fixed hard dictionary","fixed region dictionary","beta=0.005","full",100,"mcmc_empirical_visited_supports",0.263300175091239,0.0740328325735364,0.222658672470298,0.0546530679418076,0.285684100071137,0.0332275945742268,0.547781606865411,0.168861555193943,140.648039399933,36.8879855778045,47.6666666666667,0.881917103688197,11.3724107288472,4.57889919024916,49,0,NA,NA,0.923787471511061,0.130594633419926,0.0130359256368181,0.0113076950323483,-0.009075476159402,0.00828860124732583,0.0452893732862693,0.00689701482116952,19.7266666666668,3.01450567165581,120,0,2.15114131251563e-05,9.83175834375346e-06,NA,NA,NA,NA,NA,NA,743.666666666667,127.63271959459,1466,174.596678089819,167.362938128627,5.24002470015892,1.04318834753332,0.0133062875231701,3
"multi_representative",0.7,"Credible support set","credible support summary","coverage=0.9, beta=0.02","full",100,"mcmc_empirical_visited_supports",0.103956626886115,0.000205402603786322,0.426618358275573,0.00119232481003243,0.105214692249717,0.000237523634712446,0.00562386968396478,5.56580371313391e-05,33.3618210538263,1.47011423546814,99,8.50490054811538,39.4024596018494,8.03993723478692,426,84.1843215806839,425,84.1843215806839,1.09022459242729,0.0302355726602104,0.00655124329573596,0.00178963496630283,-0.00469046174437141,0.00150151208048784,0.217492354726012,0.177158071561741,19.7266666666668,3.01450567165581,46.3333333333333,5.69600249687835,1.61241300296784e-06,2.60649314881931e-07,NA,NA,NA,NA,NA,NA,743.666666666667,127.63271959459,1466,174.596678089819,167.362938128627,5.24002470015892,1.04318834753332,0.0133062875231701,3
"multi_representative",0.7,"Dilution-prior BMA","redundancy-aware prior","power=0.25 over visited supports","full",100,"mcmc_empirical_visited_supports",0.196822690407765,0.00845526853954197,0.444252557156371,0.0660314589075454,0.183847910469641,0.0114621953702331,NA,NA,227.333333333333,19.6412264835416,NA,NA,NA,NA,NA,NA,227.333333333333,19.6412264835416,NA,NA,0.0111092922969892,0.00268517235728886,-0.00796632690030977,0.00240555835423526,NA,NA,19.7266666666668,3.01450567165581,NA,NA,NA,NA,NA,NA,NA,NA,NA,NA,743.666666666667,127.63271959459,1466,174.596678089819,167.362938128627,5.24002470015892,1.04318834753332,0.0133062875231701,3
"multi_representative",0.9,"Top-M support atoms","atom truncation","M=96, beta=0.005","full",100,"mcmc_empirical_visited_supports",0.220032647270719,0.0977998217850528,0.477761191935687,0.147157825480506,0.225190869220638,0.10651184583815,0.0506373934143547,0.0231971170502319,70.5757538462157,21.5268419745545,93,4,17.8113980417891,7.82613825030195,97,0,96,0,0.827937899332732,0.254136660490594,0.00322792134732023,0.00316204005861451,-0.00498521607116578,0.0049299868516986,0.0066845925221695,0.000651378178508262,24.1433333333332,4.8260416261961,33.3333333333333,1.85592145427667,1.58519224833601e-06,3.88128560118889e-07,NA,NA,NA,NA,NA,NA,930.666666666667,611.948890385827,1618.66666666667,728.526442744378,181.983261133479,21.3655131037402,1.06475403616032,0.0134285413473858,3
"multi_representative",0.7,"DPP-prior BMA","redundancy-aware prior","power=0.5 over visited supports","full",100,"mcmc_empirical_visited_supports",0.221558996440122,0.00486465025996211,0.487102040663058,0.0640139744811961,0.202177338181595,0.00687890242339034,NA,NA,205.666666666667,19.6751394178316,NA,NA,NA,NA,NA,NA,205.666666666667,19.6751394178316,NA,NA,0.014799703765263,0.00268920532051371,-0.0106033629292857,0.00250998501484435,NA,NA,19.7266666666668,3.01450567165581,NA,NA,NA,NA,NA,NA,NA,NA,NA,NA,743.666666666667,127.63271959459,1466,174.596678089819,167.362938128627,5.24002470015892,1.04318834753332,0.0133062875231701,3
"noisy_grouping",0.9,"Posterior clustering","posterior clustering","clusters=8, beta=0.005","full",100,"mcmc_empirical_visited_supports",0.0511017484865771,0.000735835361019162,0.00699382069814452,0.000505178314766437,0.00671645474534608,0.00043414390862707,0.700026071318001,0.028364729654278,16.4226064095679,0.17894637107665,14,1,3.89648840990841,0.424169991328109,14,1,NA,NA,0.0877596140495209,0.000673114356294602,0.000222141072661719,0.000338930421229956,-0.000136249838275537,0.000170919059046396,0.0261328483270767,0.00317444229115376,20.4099999999998,0.442417600614203,120,0,2.50640772414915e-05,8.62806244012456e-06,NA,NA,NA,NA,NA,NA,464,106.616133863501,1143.66666666667,153.836854419797,159.331219672953,11.3340580119535,1.05864819177561,0.016001014343833,3
"noisy_grouping",0.9,"ASK-PC pooled union","support-kernel compression","beta=0.005","full",100,"mcmc_empirical_visited_supports",0.0807790459207917,0.00147779609028185,0.019263393608931,0.000415112044530198,0.0175550100189123,0.000403890200096923,0.292657051707628,0.0215009336576516,10.37612824405,0.192764727164342,197.666666666667,59.9898139501847,85.7664163507167,23.4152652263107,1359.33333333333,33.2181342709738,NA,NA,0.0667880592168242,0.000525208910076072,-0.000127320543405289,0.00010982613852557,0.000134437127667327,0.00010182854939878,0.0263141514621867,0.00900584273698848,20.4099999999998,0.442417600614203,0,0,0,0,2345.66666666667,3.2829526005987,2327.66666666667,2.40370085030933,1359.33333333333,33.2181342709738,464,106.616133863501,1143.66666666667,153.836854419797,159.331219672953,11.3340580119535,1.05864819177561,0.016001014343833,3
"noisy_grouping",0.9,"ASK-PC pooled-pruned 99%","support-kernel compression","beta=0.005","full",100,"mcmc_empirical_visited_supports",0.0807790459207917,0.00147779609028185,0.019263393608931,0.000415112044530198,0.0175550100189123,0.000403890200096923,0.292657051707628,0.0215009336576516,10.37612824405,0.192764727164342,197.666666666667,59.9898139501847,85.7664163507167,23.4152652263107,440.333333333333,26.9093127208985,NA,NA,0.0667880592168242,0.000525208910076072,-0.000127320543405289,0.00010982613852557,0.000134437127667327,0.00010182854939878,0.00741074799382601,0.00126496632926613,20.4099999999998,0.442417600614203,47.3333333333333,46.3333333333333,2.66079678845621e-07,1.78670722723125e-07,2345.66666666667,3.2829526005987,2327.66666666667,2.40370085030933,1359.33333333333,33.2181342709738,464,106.616133863501,1143.66666666667,153.836854419797,159.331219672953,11.3340580119535,1.05864819177561,0.016001014343833,3
"noisy_grouping",0.7,"Fixed hard dictionary","fixed region dictionary","beta=0.005","full",100,"mcmc_empirical_visited_supports",0.153118034357266,0.0765735550975306,0.163963043827104,0.0820068740775355,0.108598332058512,0.0543560165697182,0.399006740050631,0.245789499195924,108.332878834846,53.4253450220515,47.6666666666667,0.881917103688197,17.5590301096857,7.71277784909476,49,0,NA,NA,0.741923147495268,0.224749922751464,0.000386214539300396,0.000214406309764119,-0.000380230611588169,0.000222001940087829,0.0556006236327513,0.0135742065842664,17.3700000000001,2.95523828706483,120,0,3.38762830813799e-05,1.68681676119325e-05,NA,NA,NA,NA,NA,NA,208.666666666667,71.3496865990158,801,105.659831534978,144.055369809969,4.60702838515577,1.07714776273292,0.0205432858933001,3
"noisy_grouping",0.7,"Dilution-prior BMA","redundancy-aware prior","power=0.25 over visited supports","full",100,"mcmc_empirical_visited_supports",0.0992905584984383,0.00481817678210399,0.211538238867282,0.0214954348765662,0.0715946496235622,0.0105144553103336,NA,NA,73,3.21455025366432,NA,NA,NA,NA,NA,NA,73,3.21455025366432,NA,NA,0.000187874857458563,5.5557511926972e-05,-0.000215313493785378,6.35022459729941e-05,NA,NA,17.3700000000001,2.95523828706483,NA,NA,NA,NA,NA,NA,NA,NA,NA,NA,208.666666666667,71.3496865990158,801,105.659831534978,144.055369809969,4.60702838515577,1.07714776273292,0.0205432858933001,3
"noisy_grouping",0.7,"DPP-prior BMA","redundancy-aware prior","power=0.5 over visited supports","full",100,"mcmc_empirical_visited_supports",0.105083225946624,0.00431743579011282,0.222130818194755,0.0218322150840473,0.0746494149219647,0.00997474683311629,NA,NA,72,3.21455025366432,NA,NA,NA,NA,NA,NA,72,3.21455025366432,NA,NA,0.000195383307978488,6.66289867458585e-05,-0.000230308314548363,7.4820244059002e-05,NA,NA,17.3700000000001,2.95523828706483,NA,NA,NA,NA,NA,NA,NA,NA,NA,NA,208.666666666667,71.3496865990158,801,105.659831534978,144.055369809969,4.60702838515577,1.07714776273292,0.0205432858933001,3
"noisy_grouping",0.7,"Top-M support atoms","atom truncation","M=96, beta=0.005","full",100,"mcmc_empirical_visited_supports",0.0796070789987904,0.0168957149243745,0.247349772682989,0.0373224772188611,0.0771842341891215,0.0161955466634982,0.0177992971990818,0.0037899537883199,40.3780733061219,3.43824277901546,88.3333333333333,3.84418753155693,6.75647843390193,0.303540824914151,97,0,96,0,0.447331650911003,0.054496555677822,0.00020022855532161,5.70128028624235e-05,-0.000243404356599382,1.39624256473142e-05,0.00787161258967398,0.00078478741448489,17.3700000000001,2.95523828706483,30.3333333333333,0.333333333333333,1.1801428981643e-06,2.00289872546255e-07,NA,NA,NA,NA,NA,NA,208.666666666667,71.3496865990158,801,105.659831534978,144.055369809969,4.60702838515577,1.07714776273292,0.0205432858933001,3
"noisy_grouping",0.7,"Credible support set","credible support summary","coverage=0.9, beta=0.02","full",100,"mcmc_empirical_visited_supports",0.0989311662065032,0.000535418375694055,0.423078833677865,0.0011229893839146,0.101908391281082,0.000403806259034443,0.00551831683009588,1.67613042911226e-05,29.2422543236337,0.118003938115853,71.6666666666667,3.38296385503074,5.52088646282073,0.629921308048425,88,18.6815416922694,87,18.6815416922694,1.0062289238394,0.00331377481653598,0.000200788923578887,6.24665412653256e-05,-0.000267550841119476,7.40387440187454e-06,0.0505082228463257,0.0347370484644597,17.3700000000001,2.95523828706483,52.6666666666667,0.881917103688197,1.63593375305619e-06,1.30555493849701e-07,NA,NA,NA,NA,NA,NA,208.666666666667,71.3496865990158,801,105.659831534978,144.055369809969,4.60702838515577,1.07714776273292,0.0205432858933001,3
"one_representative",0.9,"Posterior clustering","posterior clustering","clusters=12, beta=0.005","full",100,"mcmc_empirical_visited_supports",0.0455698293353578,0.00434151897207421,0.00588544752733703,0.00156163708782829,0.00572107910002838,0.00142057964123478,0.751287871101729,0.0600781310545131,16.6820226534387,0.59311824827498,15.6666666666667,0.666666666666667,3.28775009488959,0.700551414147908,15.6666666666667,0.666666666666667,NA,NA,0.0881469458461318,0.00160405670548258,7.1517486440964e-05,0.000523699811620057,-0.000188319718389619,0.000627235377877324,0.0243568052586766,0.00341644049624668,23.1399999999999,2.40676130931168,120,0,1.50850884248303e-05,1.89092727535311e-06,NA,NA,NA,NA,NA,NA,1208.66666666667,335.311960882864,2049,391.415806187401,183.100358803901,5.85759750047794,1.04082959135079,0.0110439089053601,3
"one_representative",0.9,"ASK-PC pooled union","support-kernel compression","beta=0.005","full",100,"mcmc_empirical_visited_supports",0.0783729538662222,0.0018850832830277,0.0191726966462089,0.00202111738482099,0.0174102699315193,0.00119806418019502,0.287019388626628,0.10904156321162,10.342178985449,1.31509577824977,227,47.7214137817954,135.191286013443,72.4769316849908,1418.33333333333,55.995039462835,NA,NA,0.0662536528219216,0.00505710522378787,-0.000151074340060046,0.000351010212446124,0.000154910836942967,0.000239996605014994,0.0159874425431769,0.000541450433217463,23.1399999999999,2.40676130931168,0,0,0,0,2335,2.08166599946613,2315,2.88675134594813,1418.33333333333,55.995039462835,1208.66666666667,335.311960882864,2049,391.415806187401,183.100358803901,5.85759750047794,1.04082959135079,0.0110439089053601,3
"one_representative",0.9,"ASK-PC pooled-pruned 99%","support-kernel compression","beta=0.005","full",100,"mcmc_empirical_visited_supports",0.0783729538662222,0.0018850832830277,0.0191726966462089,0.00202111738482099,0.0174102699315193,0.00119806418019502,0.287019388626628,0.10904156321162,10.342178985449,1.31509577824977,227,47.7214137817954,135.191286013443,72.4769316849908,471.666666666667,20.3415284031898,NA,NA,0.0662536528219216,0.00505710522378787,-0.000151074340060046,0.000351010212446124,0.000154910836942967,0.000239996605014994,0.00688341648616353,0.000885663197237713,23.1399999999999,2.40676130931168,93.6666666666667,46.3333333333333,3.39463725217611e-07,1.20639315635669e-07,2335,2.08166599946613,2315,2.88675134594813,1418.33333333333,55.995039462835,1208.66666666667,335.311960882864,2049,391.415806187401,183.100358803901,5.85759750047794,1.04082959135079,0.0110439089053601,3
"one_representative",0.7,"Dilution-prior BMA","redundancy-aware prior","power=0.25 over visited supports","full",100,"mcmc_empirical_visited_supports",0.100832109334706,0.0165478610869135,0.158118397397843,0.0360275693864627,0.0821108154493753,0.0151640872740469,NA,NA,145,35.8096821171779,NA,NA,NA,NA,NA,NA,145,35.8096821171779,NA,NA,0.00136810248104605,0.00154869415845629,-0.00132916287887452,0.00110150704878699,NA,NA,16.4466666666666,2.25395454947768,NA,NA,NA,NA,NA,NA,NA,NA,NA,NA,241,57.8878225536252,713,98.1138794123101,179.502766932497,12.4652144575849,1.03786629487523,0.00939074249888425,3
"one_representative",0.7,"DPP-prior BMA","redundancy-aware prior","power=0.5 over visited supports","full",100,"mcmc_empirical_visited_supports",0.111943025726783,0.0192294575602953,0.1708848856561,0.0392655871656534,0.0875527840489796,0.0166842919417103,NA,NA,140.333333333333,34.6810867444747,NA,NA,NA,NA,NA,NA,140.333333333333,34.6810867444747,NA,NA,0.00111405542152572,0.00164964111340384,-0.00108179037375833,0.00115920688106668,NA,NA,16.4466666666666,2.25395454947768,NA,NA,NA,NA,NA,NA,NA,NA,NA,NA,241,57.8878225536252,713,98.1138794123101,179.502766932497,12.4652144575849,1.03786629487523,0.00939074249888425,3
"one_representative",0.9,"Fixed hard dictionary","fixed region dictionary","beta=0.005","full",100,"mcmc_empirical_visited_supports",0.233497276821015,0.0295691171114678,0.24739827864649,0.0154771339604684,0.170836228661512,0.0220628013881818,0.183418319890461,0.0354762683118708,61.3658407418313,8.00672991884968,44,4.50924975282289,25.7663282827077,6.27702829291606,49,0,NA,NA,0.55103419983379,0.0556320708361206,-0.000501504671114314,0.00166549720660008,0.000279954966161918,0.00122118324534444,0.0679223897715373,0.0159127217281261,23.1399999999999,2.40676130931168,120,0,3.62219529524606e-05,6.76992572922872e-06,NA,NA,NA,NA,NA,NA,1208.66666666667,335.311960882864,2049,391.415806187401,183.100358803901,5.85759750047794,1.04082959135079,0.0110439089053601,3
"one_representative",0.7,"Top-M support atoms","atom truncation","M=96, beta=0.005","full",100,"mcmc_empirical_visited_supports",0.107533582027501,0.0191982605050501,0.306123953904163,0.0399600493886455,0.104034564761032,0.0184336235625633,0.0241242112433676,0.0043386518992116,47.7100997216628,4.71289048098738,79,4.93288286231625,11.5806827592206,2.61643706546453,97,0,96,0,0.542274217192806,0.0633200524024713,0.00018633144791321,0.000575994828172936,-0.000214278505803911,0.000462486688804046,0.00627861637325467,0.000755099333176173,16.4466666666666,2.25395454947768,31.6666666666667,0.333333333333333,1.11225004954344e-06,2.73440091417601e-07,NA,NA,NA,NA,NA,NA,241,57.8878225536252,713,98.1138794123101,179.502766932497,12.4652144575849,1.03786629487523,0.00939074249888425,3
"one_representative",0.7,"Credible support set","credible support summary","coverage=0.9, beta=0.02","full",100,"mcmc_empirical_visited_supports",0.09989953829409,0.000820294580273053,0.423367769531545,0.00148682785200507,0.102897599780426,0.000818954678640179,0.00557071303228159,2.04699903321629e-05,31.0260647245996,0.954084990659256,69.6666666666667,1.33333333333333,11.9413269766809,3.58396745766353,124,26.7644042215278,123,26.7644042215278,1.0415078508235,0.0203118055253005,-0.000801241517281632,0.000527659544357973,0.000714614653776499,0.000427676913371878,0.158087366864058,0.029630598507278,16.4466666666666,2.25395454947768,53,0.577350269189626,1.3038275183952e-06,3.83124164534378e-07,NA,NA,NA,NA,NA,NA,241,57.8878225536252,713,98.1138794123101,179.502766932497,12.4652144575849,1.03786629487523,0.00939074249888425,3
"ordered_interval",0.9,"Fixed hard dictionary","fixed region dictionary","beta=0.08","full",100,"mcmc_empirical_visited_supports",1.09323719058955e-17,8.4410282219674e-18,-3.03584318178057e-17,2.36727863119719e-17,3.03584318178057e-17,2.36727863119719e-17,0.0537750098370129,5.06214136592076e-08,19.4800013069652,1.17791763259221e-05,20,0,5.52580312204054,3.587414644607e-07,49,0,NA,NA,4.47963709685906,9.13010202303847e-10,0,0,0,0,0.471893979224471,0,17.3033333333332,2.00449772040541,120,0,0.00167737881369116,3.54852059651737e-10,NA,NA,NA,NA,NA,NA,491.666666666667,126.741644475857,1284.33333333333,158.431197825569,172.310428393406,9.61116793549622,1.05088349986881,0.00987830678750446,3
"ordered_interval",0.9,"Posterior clustering","posterior clustering","clusters=8, beta=0.005","full",100,"mcmc_empirical_visited_supports",0.0572673942181246,0.00151553441571315,0.00872034479353748,0.000790422204961726,0.00836520193041471,0.0006891575517808,0.684319878705996,0.0307674240272838,15.4639426029355,0.298215513090074,14,0,4.05047906839056,0.3770882742915,14,0,NA,NA,0.0846505547676729,0.000798995991600214,0.000238671356592353,0.00025233136484152,-0.000292957920367283,0.000273904384568753,0.0151256108102357,0.00101283017425654,17.3033333333332,2.00449772040541,120,0,9.679575548908e-06,1.28717601916013e-06,NA,NA,NA,NA,NA,NA,491.666666666667,126.741644475857,1284.33333333333,158.431197825569,172.310428393406,9.61116793549622,1.05088349986881,0.00987830678750446,3
"ordered_interval",0.9,"ASK-PC pooled union","support-kernel compression","beta=0.005","full",100,"mcmc_empirical_visited_supports",0.0780462015380656,0.00280675156414343,0.0176907034333361,0.00118649656681184,0.0165098279510395,0.000902355869369362,0.298346679112655,0.0520294019724786,11.1373418244713,0.607803515414765,81.3333333333333,3.84418753155693,38.2176223864425,6.35811162611128,1175,24,NA,NA,0.0697654287925036,0.00203089920773159,0.00130497481108086,0.000421682375328586,-0.00102812220389814,0.000402412345800986,0.0156679445852261,0.000265732573949068,17.3033333333332,2.00449772040541,0,0,0,0,2342.33333333333,1.45296631451356,2333.33333333333,2.84800124843918,1175,24,491.666666666667,126.741644475857,1284.33333333333,158.431197825569,172.310428393406,9.61116793549622,1.05088349986881,0.00987830678750446,3
"ordered_interval",0.9,"ASK-PC pooled-pruned 99%","support-kernel compression","beta=0.005","full",100,"mcmc_empirical_visited_supports",0.0780462015380656,0.00280675156414343,0.0176907034333361,0.00118649656681184,0.0165098279510395,0.000902355869369362,0.298346679112655,0.0520294019724786,11.1373418244713,0.607803515414765,81.3333333333333,3.84418753155693,38.2176223864425,6.35811162611128,394,7.57187779440036,NA,NA,0.0697654287925036,0.00203089920773159,0.00130497481108086,0.000421682375328586,-0.00102812220389814,0.000402412345800986,0.00632919903807905,0.00034646539243199,17.3033333333332,2.00449772040541,93.6666666666667,46.3333333333333,5.31692810663379e-07,2.3046966776134e-07,2342.33333333333,1.45296631451356,2333.33333333333,2.84800124843918,1175,24,491.666666666667,126.741644475857,1284.33333333333,158.431197825569,172.310428393406,9.61116793549622,1.05088349986881,0.00987830678750446,3
"ordered_interval",0.7,"Dilution-prior BMA","redundancy-aware prior","power=0.25 over visited supports","full",100,"mcmc_empirical_visited_supports",0.103408541730791,0.00906271680479917,0.161692044885153,0.0277895941251254,0.0759392191356842,0.00570752418797671,NA,NA,156,4.58257569495584,NA,NA,NA,NA,NA,NA,156,4.58257569495584,NA,NA,-0.00114615530355425,0.000521297754910663,0.00145952428929326,0.000713654025527575,NA,NA,17.6433333333332,1.73845077903026,NA,NA,NA,NA,NA,NA,NA,NA,NA,NA,303.333333333333,25.7509438877706,950.666666666667,40.3085323198176,153.554758377494,13.0201355010066,1.06729443616689,0.018634911986936,3
"ordered_interval",0.7,"DPP-prior BMA","redundancy-aware prior","power=0.5 over visited supports","full",100,"mcmc_empirical_visited_supports",0.103641187315376,0.00943254791080473,0.163063196763396,0.027761508758845,0.0764012677926066,0.00557043687588896,NA,NA,155.666666666667,4.17665469538056,NA,NA,NA,NA,NA,NA,155.666666666667,4.17665469538056,NA,NA,-0.000860005225949978,0.000857495764011814,0.00128051105232929,0.00106806841701026,NA,NA,17.6433333333332,1.73845077903026,NA,NA,NA,NA,NA,NA,NA,NA,NA,NA,303.333333333333,25.7509438877706,950.666666666667,40.3085323198176,153.554758377494,13.0201355010066,1.06729443616689,0.018634911986936,3
"ordered_interval",0.7,"Top-M support atoms","atom truncation","M=96, beta=0.005","full",100,"mcmc_empirical_visited_supports",0.126236978471917,0.00986513210050461,0.344862159795342,0.0183127245840885,0.122111366633593,0.00946200120521585,0.0283038169550435,0.00227284586207429,50.4162344302835,3.43081023674418,82.6666666666667,5.17472489875334,10.8061387311756,0.0786582394418148,97,0,96,0,0.594563270464999,0.035465542420421,-0.000171556409777953,0.000732714145555903,-0.000274731463165331,0.00103770816969138,0.00671307492946124,0.000596876412627567,17.6433333333332,1.73845077903026,32,0,1.20387906958156e-06,1.75694779905329e-07,NA,NA,NA,NA,NA,NA,303.333333333333,25.7509438877706,950.666666666667,40.3085323198176,153.554758377494,13.0201355010066,1.06729443616689,0.018634911986936,3
"ordered_interval",0.9,"Credible support set","credible support summary","coverage=0.9, beta=0.02","full",100,"mcmc_empirical_visited_supports",0.10073094765063,0.000970041493881216,0.426400304156692,0.000677867418361257,0.103944306063554,0.000378261357150604,0.00551757336278742,1.99615204989111e-05,27.614751724441,0.797148920557986,100,2,19.7342335717248,6.86083792975207,230.333333333333,70.4493513888603,229.333333333333,70.4493513888603,0.975822962585204,0.0156149300430569,0.00311520999041082,0.00125813798067319,-0.00259827172786224,0.00117557595708519,0.0708754737169381,0.0293710576749107,17.3033333333332,2.00449772040541,54.3333333333333,0.881917103688197,1.26258825013566e-06,1.2917857547094e-07,NA,NA,NA,NA,NA,NA,491.666666666667,126.741644475857,1284.33333333333,158.431197825569,172.310428393406,9.61116793549622,1.05088349986881,0.00987830678750446,3
"weak_signal",0.9,"Posterior clustering","posterior clustering","clusters=8, beta=0.005","full",100,"mcmc_empirical_visited_supports",0.044534768882421,0.00711451632586491,0.00520816584673792,0.0012162836668118,0.00520207687001541,0.0011813603033266,0.830300594679531,0.0399666825949688,16.6110361793113,0.444341200820617,13.3333333333333,0.881917103688197,2.25834213732124,0.315087476613334,13.3333333333333,0.881917103688197,NA,NA,0.087470665030339,0.00115804689779974,0.0039019346834112,0.00137318227974355,-0.00204803987511726,0.000741947758966001,0.0192116085449725,0.00395879714279062,28.3833333333332,2.64628250780432,120,0,4.28625125907522e-06,1.44638651953957e-06,NA,NA,NA,NA,NA,NA,4113.33333333333,425.967265304637,5013.33333333333,425.967265304637,180.036777979975,2.61447224398121,1.04990341219829,0.00400516098619526,3
"weak_signal",0.9,"ASK-PC pooled union","support-kernel compression","beta=0.005","full",100,"mcmc_empirical_visited_supports",0.0677986101122182,0.00438482126246606,0.0136289883231761,0.00182234452628768,0.013000827773412,0.00156240592924747,0.439689219524251,0.089486473604717,12.8664668528268,0.8846506521886,37,13.3166562369588,9.10602423411984,1.2975214502816,1489,12.6622799421484,NA,NA,0.0757746181130058,0.00259867205643366,0.00606358236491111,0.0010167552502634,-0.0031323825013619,0.000554903241831493,0.0148769994285843,0.00109087721819638,28.3833333333332,2.64628250780432,0,0,0,0,2340.33333333333,5.78311719096582,2327.33333333333,7.53510303697154,1489,12.6622799421484,4113.33333333333,425.967265304637,5013.33333333333,425.967265304637,180.036777979975,2.61447224398121,1.04990341219829,0.00400516098619526,3
"weak_signal",0.9,"ASK-PC pooled-pruned 99%","support-kernel compression","beta=0.005","full",100,"mcmc_empirical_visited_supports",0.0677986101122182,0.00438482126246606,0.0136289883231761,0.00182234452628768,0.013000827773412,0.00156240592924747,0.439689219524251,0.089486473604717,12.8664668528268,0.8846506521886,37,13.3166562369588,9.10602423411984,1.2975214502816,290.333333333333,55.3483915253591,NA,NA,0.0757746181130058,0.00259867205643366,0.00606358236491111,0.0010167552502634,-0.0031323825013619,0.000554903241831493,0.00819805760595775,0.000751717514592625,28.3833333333332,2.64628250780432,93.6666666666667,46.3333333333333,2.79318415110271e-07,1.48023478939291e-07,2340.33333333333,5.78311719096582,2327.33333333333,7.53510303697154,1489,12.6622799421484,4113.33333333333,425.967265304637,5013.33333333333,425.967265304637,180.036777979975,2.61447224398121,1.04990341219829,0.00400516098619526,3
"weak_signal",0.9,"Fixed hard dictionary","fixed region dictionary","beta=0.005","full",100,"mcmc_empirical_visited_supports",0.220185820513255,0.0067068357079791,0.245397832580948,0.00227356932381387,0.162849871095658,0.00422837678755488,0.173432078526732,0.0157671067882305,56.1702474269994,4.07123158283106,26.6666666666667,1.20185042515466,9.37735227310084,1.39384159297329,49,0,NA,NA,0.524032097360365,0.0226940706075802,0.0110628899891965,0.00257493646244684,-0.0058859607670998,0.0014014933074985,0.137588370041728,0.0375084805963977,28.3833333333332,2.64628250780432,120,0,3.82244848102601e-05,3.53025277962814e-06,NA,NA,NA,NA,NA,NA,4113.33333333333,425.967265304637,5013.33333333333,425.967265304637,180.036777979975,2.61447224398121,1.04990341219829,0.00400516098619526,3
"weak_signal",0.7,"Dilution-prior BMA","redundancy-aware prior","power=0.25 over visited supports","full",100,"mcmc_empirical_visited_supports",0.170635662693148,0.00477845614630537,0.344679432314944,0.0295935014440284,0.154158832169835,0.0156180535362714,NA,NA,386,58.1979381078058,NA,NA,NA,NA,NA,NA,386,58.1979381078058,NA,NA,0.0063898162226821,0.00451716708517167,-0.00354088918607146,0.00274927221647798,NA,NA,17.7233333333333,2.40933139642051,NA,NA,NA,NA,NA,NA,NA,NA,NA,NA,1095.66666666667,171.474325904622,1962,201.390996157557,175.128525540345,19.2315194837855,1.04238754138431,0.00772700706600646,3
"weak_signal",0.7,"DPP-prior BMA","redundancy-aware prior","power=0.5 over visited supports","full",100,"mcmc_empirical_visited_supports",0.172312264477365,0.00453111830152787,0.350194751662446,0.0301161369666965,0.155020101448527,0.0155264233798249,NA,NA,378.333333333333,58.8000377928828,NA,NA,NA,NA,NA,NA,378.333333333333,58.8000377928828,NA,NA,0.00635318095216709,0.00436245945206421,-0.00349027376845782,0.00261957351143714,NA,NA,17.7233333333333,2.40933139642051,NA,NA,NA,NA,NA,NA,NA,NA,NA,NA,1095.66666666667,171.474325904622,1962,201.390996157557,175.128525540345,19.2315194837855,1.04238754138431,0.00772700706600646,3
"weak_signal",0.7,"Credible support set","credible support summary","coverage=0.9, beta=0.02","full",100,"mcmc_empirical_visited_supports",0.105121441381645,0.0014194598129161,0.431237012288727,0.00140948922336653,0.106795628733336,0.00163029593246458,0.00544983135723665,6.85803352875488e-05,21.9133601854939,1.194336006564,93,2.3094010767585,66.022399786669,15.5864114618136,631,109.436435127125,630,109.436435127125,0.865385049564067,0.024890318018243,0.00620407822291883,0.00164657311122193,-0.00369139878027965,0.000893975845913429,0.250456682615723,0.208389535464042,17.7233333333333,2.40933139642051,48,6.02771377334171,1.35115932657174e-06,1.9703215474312e-07,NA,NA,NA,NA,NA,NA,1095.66666666667,171.474325904622,1962,201.390996157557,175.128525540345,19.2315194837855,1.04238754138431,0.00772700706600646,3
"weak_signal",0.7,"Top-M support atoms","atom truncation","M=96, beta=0.005","full",100,"mcmc_empirical_visited_supports",0.247167136089001,0.0142720399163804,0.543399430366568,0.0209742636140403,0.2431423946807,0.0149077275927062,0.0554801757343269,0.00327650477173971,66.8098818312926,3.03433331715361,97,0,25.9820324779874,3.95414550987265,97,0,96,0,0.874216863251935,0.0351053264183272,0.00844431527534404,0.00288897944738529,-0.00492086573058607,0.00169870574250855,0.00601080735168813,0.000993979906090292,17.7233333333333,2.40933139642051,34.3333333333333,0.333333333333333,1.06865897064878e-06,2.06087207647763e-07,NA,NA,NA,NA,NA,NA,1095.66666666667,171.474325904622,1962,201.390996157557,175.128525540345,19.2315194837855,1.04238754138431,0.00772700706600646,3
