"scenario","rho","replication_id","mode","p","n_train","n_test","reference_object","reference_mode","sampler","n_iter","burn","thin","n_chains","retained_draws","unique_supports","unique_group_states","top_support_mass","effective_support_count","mean_size","accept_rate","group_pip_max_range","group_pip_mean_range","split_rhat_max","split_rhat_median","ess_min","ess_median","group_pip_mcse_max","runtime_sec_reference","diagnostic_status","diagnostic_warning"
"one_representative",0.7,1,"full",100,120,400,"sim/output/large_end_to_end/full_one_representative_rho0p70_rep001_reference_reliable_full_v2.rds","mcmc_empirical_visited_supports","long multi-chain MC3",20000,5000,5,6,18000,526,98,0.607333333333333,12.7307688926634,5.41188888888889,0.0347916666666667,0.086,0.0219166666666667,1.05661883999923,1.00553724626053,175.144725057857,1794.91257242563,0.0119858070512038,12.18,"pass",""
"ordered_interval",0.7,1,"full",100,120,400,"sim/output/large_end_to_end/full_ordered_interval_rho0p70_rep001_reference_reliable_full_v2.rds","mcmc_empirical_visited_supports","long multi-chain MC3",20000,5000,5,6,18000,895,158,0.439944444444444,23.1517269572382,5.03694444444444,0.065625,0.102333333333333,0.0179166666666667,1.07150476332337,1.00304941546882,142.131970313808,2754.3665588738,0.0120906276449471,14.68,"pass",""
"weak_signal",0.9,1,"full",100,120,400,"sim/output/large_end_to_end/full_weak_signal_rho0p90_rep001_reference_reliable_full_v2.rds","mcmc_empirical_visited_supports","long multi-chain MC3",20000,5000,5,6,18000,4569,435,0.0297777777777778,1080.29661173553,3.42272222222222,0.205425,0.188666666666667,0.04695,1.04598290068993,1.00273795364394,177.6422078063,2029.81830579627,0.0255383690542604,26.0999999999999,"pass",""
"one_representative",0.7,2,"full",100,120,400,"sim/output/large_end_to_end/full_one_representative_rho0p70_rep002_reference_reliable_full_v2.rds","mcmc_empirical_visited_supports","long multi-chain MC3",20000,5000,5,6,18000,755,109,0.386944444444444,23.640203606999,6.15427777777778,0.0297583333333333,0.235666666666667,0.0262166666666667,1.02758743017367,1.00452289190624,160.423840704464,2026.26676420042,0.0324309682567931,17.3199999999997,"pass","low acceptance"
"ordered_interval",0.7,2,"full",100,120,400,"sim/output/large_end_to_end/full_ordered_interval_rho0p70_rep002_reference_reliable_full_v2.rds","mcmc_empirical_visited_supports","long multi-chain MC3",20000,5000,5,6,18000,928,240,0.303166666666667,24.8997021992818,5.57294444444444,0.0617166666666667,0.328,0.03555,1.0972592693646,1.00309310105561,139.000128624864,2568.17492732982,0.0323896566440756,17.5499999999997,"pass",""
"weak_signal",0.9,2,"full",100,120,400,"sim/output/large_end_to_end/full_weak_signal_rho0p90_rep002_reference_reliable_full_v2.rds","mcmc_empirical_visited_supports","long multi-chain MC3",20000,5000,5,6,18000,4606,440,0.0408333333333333,806.015627132036,3.12116666666667,0.2109,0.134,0.035,1.05791314195528,1.00387471494381,177.208405281288,2331.41900060496,0.0243832469178779,25.3899999999999,"pass",""
"one_representative",0.7,3,"full",100,120,400,"sim/output/large_end_to_end/full_one_representative_rho0p70_rep003_reference_reliable_full_v2.rds","mcmc_empirical_visited_supports","long multi-chain MC3",20000,5000,5,6,18000,858,118,0.202888888888889,37.673200016928,5.89788888888889,0.0431083333333333,0.186666666666667,0.0252666666666667,1.0293926144528,1.00278248222127,202.939735035169,2436.62227926804,0.0288010495419652,19.8400000000001,"pass",""
"ordered_interval",0.7,3,"full",100,120,400,"sim/output/large_end_to_end/full_ordered_interval_rho0p70_rep003_reference_reliable_full_v2.rds","mcmc_empirical_visited_supports","long multi-chain MC3",20000,5000,5,6,18000,1029,283,0.3765,28.5140964569975,6.19155555555556,0.0532583333333333,0.246666666666667,0.0397666666666667,1.03311927581271,1.00364721115326,179.532176193809,1821.04026008464,0.0290337422084362,20.6999999999998,"pass",""
"weak_signal",0.9,3,"full",100,120,400,"sim/output/large_end_to_end/full_weak_signal_rho0p90_rep003_reference_reliable_full_v2.rds","mcmc_empirical_visited_supports","long multi-chain MC3",20000,5000,5,6,18000,5865,386,0.0157777777777778,2091.68077190319,4.47738888888889,0.183808333333333,0.182666666666667,0.038,1.04581419394967,1.00272316129919,185.259720852337,1964.26330626452,0.0257687885766463,33.6599999999999,"pass",""
"multi_representative",0.7,1,"full",100,120,400,"sim/output/large_end_to_end/full_multi_representative_rho0p70_rep001_reference_reliable_full_v2.rds","mcmc_empirical_visited_supports","long multi-chain MC3",20000,5000,5,6,18000,1144,101,0.301444444444444,55.5654947356179,7.01355555555556,0.0379333333333333,0.0586666666666667,0.0146333333333333,1.02554806425677,1.00293467931138,177.831703522179,2138.528405175,0.00908002199416213,13.78,"pass",""
"graph_community",0.7,1,"full",100,120,400,"sim/output/large_end_to_end/full_graph_community_rho0p70_rep001_reference_reliable_full_v2.rds","mcmc_empirical_visited_supports","long multi-chain MC3",20000,5000,5,6,18000,1335,138,0.2645,67.8502182760174,6.67511111111111,0.0383,0.0976666666666667,0.0206166666666667,1.06903257111996,1.00423636196861,180.176188636145,1928.52429832911,0.0136489198515807,20.11,"pass",""
"noisy_grouping",0.9,1,"full",100,120,400,"sim/output/large_end_to_end/full_noisy_grouping_rho0p90_rep001_reference_reliable_full_v2.rds","mcmc_empirical_visited_supports","long multi-chain MC3",20000,5000,5,6,18000,1357,176,0.238,68.6335963501644,5.46366666666667,0.056675,0.231666666666667,0.0425833333333333,1.07598940100304,1.00457436053242,150.555472862973,1617.221672649,0.0404206110575977,19.53,"pass",""
"multi_representative",0.7,2,"full",100,120,400,"sim/output/large_end_to_end/full_multi_representative_rho0p70_rep002_reference_reliable_full_v2.rds","mcmc_empirical_visited_supports","long multi-chain MC3",20000,5000,5,6,18000,1744,169,0.258166666666667,114.262281210693,6.01061111111111,0.0549916666666667,0.100666666666667,0.0320833333333333,1.03475197830206,1.00598076113436,162.549613534621,1706.1334909525,0.0142348845050406,21.8400000000001,"pass",""
"graph_community",0.7,2,"full",100,120,400,"sim/output/large_end_to_end/full_graph_community_rho0p70_rep002_reference_reliable_full_v2.rds","mcmc_empirical_visited_supports","long multi-chain MC3",20000,5000,5,6,18000,2096,232,0.101,229.897911225235,6.21477777777778,0.067675,0.195666666666667,0.0394833333333333,1.04695863692604,1.00587954841472,190.535934490411,1897.78542900028,0.0235534792030769,25.75,"pass",""
"noisy_grouping",0.9,2,"full",100,120,400,"sim/output/large_end_to_end/full_noisy_grouping_rho0p90_rep002_reference_reliable_full_v2.rds","mcmc_empirical_visited_supports","long multi-chain MC3",20000,5000,5,6,18000,845,123,0.360555555555556,26.266358106167,5.83027777777778,0.041875,0.0656666666666667,0.01855,1.02668468637662,1.00314524196846,181.819433240501,1798.1632602728,0.00947150373253213,20.77,"pass",""
"multi_representative",0.7,3,"full",100,120,400,"sim/output/large_end_to_end/full_multi_representative_rho0p70_rep003_reference_reliable_full_v2.rds","mcmc_empirical_visited_supports","long multi-chain MC3",20000,5000,5,6,18000,1510,140,0.307222222222222,86.2596628810596,6.13222222222222,0.04325,0.132666666666667,0.0218666666666667,1.06926500004112,1.00444332553815,161.707497329082,2064.17122979556,0.0175771221257364,23.5600000000004,"pass",""
"graph_community",0.7,3,"full",100,120,400,"sim/output/large_end_to_end/full_graph_community_rho0p70_rep003_reference_reliable_full_v2.rds","mcmc_empirical_visited_supports","long multi-chain MC3",20000,5000,5,6,18000,1268,113,0.273111111111111,84.6511458116079,8.96755555555556,0.0399833333333333,0.106333333333333,0.0228833333333333,1.04720649584304,1.00399381292365,220.817939583185,2015.65915512995,0.0126178684528267,28.8400000000001,"pass",""
"noisy_grouping",0.9,3,"full",100,120,400,"sim/output/large_end_to_end/full_noisy_grouping_rho0p90_rep003_reference_reliable_full_v2.rds","mcmc_empirical_visited_supports","long multi-chain MC3",20000,5000,5,6,18000,1229,250,0.549833333333333,21.5943707791322,5.45827777777778,0.054825,0.0783333333333333,0.0323,1.07327048794716,1.00585141195688,145.618752915384,1384.78452180592,0.00912210146648728,20.9299999999994,"pass",""
"weak_signal",0.7,1,"full",100,120,400,"sim/output/large_end_to_end/full_weak_signal_rho0p70_rep001_reference_reliable_full_v2.rds","mcmc_empirical_visited_supports","long multi-chain MC3",20000,5000,5,6,18000,1597,268,0.319555555555556,77.9399684657898,3.83644444444444,0.0745833333333333,0.162333333333333,0.0391333333333333,1.04531711799324,1.00292304727269,152.054438387497,1967.12103167865,0.0250693440408282,12.98,"pass",""
"one_representative",0.9,1,"full",100,120,400,"sim/output/large_end_to_end/full_one_representative_rho0p90_rep001_reference_reliable_full_v2.rds","mcmc_empirical_visited_supports","long multi-chain MC3",20000,5000,5,6,18000,1306,86,0.185166666666667,52.4104622607646,5.27605555555556,0.084275,0.041,0.0148166666666667,1.0270101625613,1.00463114511602,191.220038974348,2152.48835317077,0.0078285909508493,18.39,"pass",""
"ordered_interval",0.9,1,"full",100,120,400,"sim/output/large_end_to_end/full_ordered_interval_rho0p90_rep001_reference_reliable_full_v2.rds","mcmc_empirical_visited_supports","long multi-chain MC3",20000,5000,5,6,18000,1075,218,0.349555555555556,26.0558096984466,4.83061111111111,0.0773916666666667,0.049,0.0219333333333333,1.06455258523643,1.00255394873463,153.088443214179,1863.39029037672,0.00546612724044271,14.6400000000001,"pass",""
"weak_signal",0.7,2,"full",100,120,400,"sim/output/large_end_to_end/full_weak_signal_rho0p70_rep002_reference_reliable_full_v2.rds","mcmc_empirical_visited_supports","long multi-chain MC3",20000,5000,5,6,18000,1997,302,0.183833333333333,152.70355322858,4.35272222222222,0.073925,0.179333333333333,0.0484333333333333,1.05406364727558,1.00480978322636,160.015167590474,1678.36681070536,0.0313185051939616,19.3599999999999,"pass",""
"one_representative",0.9,2,"full",100,120,400,"sim/output/large_end_to_end/full_one_representative_rho0p90_rep002_reference_reliable_full_v2.rds","mcmc_empirical_visited_supports","long multi-chain MC3",20000,5000,5,6,18000,2634,134,0.120388888888889,298.407792425322,5.72161111111111,0.08665,0.175666666666667,0.0308666666666667,1.06266148094484,1.00358215353743,171.727007873669,1947.69051906731,0.0202131241165065,24.8400000000001,"pass",""
"ordered_interval",0.9,2,"full",100,120,400,"sim/output/large_end_to_end/full_ordered_interval_rho0p90_rep002_reference_reliable_full_v2.rds","mcmc_empirical_visited_supports","long multi-chain MC3",20000,5000,5,6,18000,1595,330,0.275222222222222,71.598930320941,5.42783333333333,0.0835916666666667,0.118666666666667,0.0391333333333333,1.0564024957013,1.00374466131559,181.820864630037,2854.87285298852,0.0157056997340027,21.2299999999996,"pass",""
"weak_signal",0.7,3,"full",100,120,400,"sim/output/large_end_to_end/full_weak_signal_rho0p70_rep003_reference_reliable_full_v2.rds","mcmc_empirical_visited_supports","long multi-chain MC3",20000,5000,5,6,18000,2292,329,0.196222222222222,155.286580048105,3.43872222222222,0.11425,0.196333333333333,0.03505,1.0277818588841,1.00259428697712,213.315970643064,1622.3543944176,0.0188293508567876,20.8299999999999,"pass",""
"one_representative",0.9,3,"full",100,120,400,"sim/output/large_end_to_end/full_one_representative_rho0p90_rep003_reference_reliable_full_v2.rds","mcmc_empirical_visited_supports","long multi-chain MC3",20000,5000,5,6,18000,2207,136,0.2335,173.849694139745,5.63627777777778,0.075875,0.102,0.0233166666666667,1.03281713054622,1.00417163255562,186.354029563685,2250.40798845601,0.0115481120462601,26.1899999999996,"pass",""
"ordered_interval",0.9,3,"full",100,120,400,"sim/output/large_end_to_end/full_ordered_interval_rho0p90_rep003_reference_reliable_full_v2.rds","mcmc_empirical_visited_supports","long multi-chain MC3",20000,5000,5,6,18000,1183,224,0.390833333333333,30.0685061074717,5.098,0.0792166666666667,0.0573333333333333,0.0200666666666667,1.0316954186687,1.00203775463912,182.021977336001,3004.71132926469,0.00610549210401057,16.04,"pass",""
"noisy_grouping",0.7,1,"full",100,120,400,"sim/output/large_end_to_end/full_noisy_grouping_rho0p70_rep001_reference_reliable_full_v2.rds","mcmc_empirical_visited_supports","long multi-chain MC3",20000,5000,5,6,18000,799,169,0.635722222222222,12.6804966721204,5.45188888888889,0.0415083333333333,0.051,0.0173,1.08294444617892,1.00662090568924,152.412508894389,1888.58344119425,0.0104039117661394,11.68,"pass",""
"multi_representative",0.9,1,"full",100,120,400,"sim/output/large_end_to_end/full_multi_representative_rho0p90_rep001_reference_reliable_full_v2.rds","mcmc_empirical_visited_supports","long multi-chain MC3",20000,5000,5,6,18000,627,78,0.538166666666667,15.9049649357176,5.41838888888889,0.0359916666666667,0.051,0.0139666666666667,1.03843101532622,1.00340800075303,224.259435982931,2156.16648183427,0.00375990893149687,15.64,"pass",""
"graph_community",0.9,1,"full",100,120,400,"sim/output/large_end_to_end/full_graph_community_rho0p90_rep001_reference_reliable_full_v2.rds","mcmc_empirical_visited_supports","long multi-chain MC3",20000,5000,5,6,18000,2383,128,0.203055555555556,174.117681710355,5.49427777777778,0.085575,0.0823333333333333,0.0236333333333333,1.04573253357864,1.00430870558576,171.228175571305,1922.97013504256,0.00747860433829918,21.27,"pass",""
"noisy_grouping",0.7,2,"full",100,120,400,"sim/output/large_end_to_end/full_noisy_grouping_rho0p70_rep002_reference_reliable_full_v2.rds","mcmc_empirical_visited_supports","long multi-chain MC3",20000,5000,5,6,18000,619,157,0.678444444444444,9.49373969100964,5.39555555555556,0.0363833333333333,0.05,0.0201,1.0390233137647,1.00428780685626,143.237276627985,1661.23671204532,0.00916798088514367,18.8299999999999,"pass",""
"multi_representative",0.9,2,"full",100,120,400,"sim/output/large_end_to_end/full_multi_representative_rho0p90_rep002_reference_reliable_full_v2.rds","mcmc_empirical_visited_supports","long multi-chain MC3",20000,5000,5,6,18000,3039,268,0.139722222222222,440.186344341005,6.59383333333333,0.082325,0.246666666666667,0.0492333333333333,1.08253085791908,1.0053102829097,155.460080336097,1654.95432152641,0.0262095899649476,32.3499999999999,"pass",""
"graph_community",0.9,2,"full",100,120,400,"sim/output/large_end_to_end/full_graph_community_rho0p90_rep002_reference_reliable_full_v2.rds","mcmc_empirical_visited_supports","long multi-chain MC3",20000,5000,5,6,18000,2178,147,0.145277777777778,173.639936797999,5.64688888888889,0.0833166666666667,0.097,0.0161,1.02100765315599,1.00223818050777,189.27321851912,1859.09485759402,0.0107131094936779,28,"pass",""
"noisy_grouping",0.7,3,"full",100,120,400,"sim/output/large_end_to_end/full_noisy_grouping_rho0p70_rep003_reference_reliable_full_v2.rds","mcmc_empirical_visited_supports","long multi-chain MC3",20000,5000,5,6,18000,985,153,0.611666666666667,15.5809307776455,5.52811111111111,0.0429166666666667,0.0973333333333333,0.0240333333333333,1.10947552825514,1.00842085754893,136.516323907533,1563.35242947211,0.0177545309552135,21.6000000000004,"pass",""
"multi_representative",0.9,3,"full",100,120,400,"sim/output/large_end_to_end/full_multi_representative_rho0p90_rep003_reference_reliable_full_v2.rds","mcmc_empirical_visited_supports","long multi-chain MC3",20000,5000,5,6,18000,1190,117,0.4655,34.6561829613761,5.54038888888889,0.0513083333333333,0.139,0.0230333333333333,1.07330023523567,1.00463105148514,166.23026708141,1992.65634062753,0.0185430703703132,24.4399999999996,"pass",""
"graph_community",0.9,3,"full",100,120,400,"sim/output/large_end_to_end/full_graph_community_rho0p90_rep003_reference_reliable_full_v2.rds","mcmc_empirical_visited_supports","long multi-chain MC3",20000,5000,5,6,18000,1741,144,0.225277777777778,102.551871213544,5.69044444444444,0.0732083333333333,0.132,0.0238833333333333,1.02659436545315,1.00310389308345,164.277603529777,1654.18756637336,0.0205591721531759,28.96,"pass",""
