"scenario","method","tv_mean","tv_se","fkl_mean","fkl_se","rkl_mean","rkl_se","q0_mean","q0_se","code_mean","code_se","rmse_gap_mean","rmse_gap_se","n","mode"
"graph_community","ASK-PC pooled-pruned 99%",0.0139210184791926,0.00110611965829557,0.00147092809408836,0.000197709126175024,0.00144041162911163,0.000187607650254771,0.001,0,4.8589120121756,0.168537656906998,0.000561098527830216,0.000194359256250022,10,"full"
"graph_community","ASK-PC pooled union",0.0139210184791926,0.00110611965829557,0.00147092809408836,0.000197709126175024,0.00144041162911163,0.000187607650254771,0.001,0,4.8589120121756,0.168537656906998,0.000561098527830216,0.000194359256250022,10,"full"
"graph_community","Posterior clustering",0.0252142070664016,0.0022542487477865,0.00309011615887684,0.000363083493901162,0.00288380778856125,0.000326071489246307,0.20746546902171,0.0753456010965466,6.49602507806409,0.351142885646667,0.00124037721972314,0.000441306385189809,10,"full"
"graph_community","Top-M support atoms",0.0844408465421496,0.01688487107693,0.0395158044887293,0.00365248295870537,0.0301774158156766,0.0043556927024644,0.40456620833645,0.0856220239509385,29.7530293752471,4.32614928452416,0.00308718133882178,0.00188851890934832,10,"full"
"graph_community","Credible support set",0.0411163842047856,0.000180179786848819,0.0486731677388714,0.000282470818431395,0.0274292614594229,0.000139580207969563,0.16408664948213,0.000650398350379645,17.779582732524,0.267700525427616,0.0011688480997843,0.000445424107600127,10,"full"
"graph_community","Dilution-prior BMA",0.0311006679737517,0.00298031567507812,0.00575554428871072,0.00105457892576373,0.00511723763481239,0.000886605191709702,NA,NA,43.5,9.09853468055891,0.00106953869881159,0.00036483602406434,10,"full"
"graph_community","DPP-prior BMA",0.0552260027464095,0.00537059350912195,0.0206943121078018,0.00361353683606562,0.0164548866672607,0.00255492658890927,NA,NA,37.1,7.52100761570918,0.00204229711955255,0.000721269438506542,10,"full"
"graph_community","Fixed hard dictionary",0.047784886268552,0.00124674157002767,0.0124928105815964,0.0012276827079284,0.0108258686337056,0.000892807286873858,0.651623913274469,0.041145630487699,16.344735251993,0.699310571045131,0.00199001565717523,0.000493341762670978,10,"full"
"misspecified_grouping","ASK-PC pooled-pruned 99%",0.0113566597182938,0.00124521921484132,0.00162865832851885,0.000232285611353701,0.00155703260402132,0.000219749881662914,0.001,0,3.56062974453305,0.159422587103206,0.00031793666025799,0.00019649418396898,10,"full"
"misspecified_grouping","ASK-PC pooled union",0.0113566597182938,0.00124521921484132,0.00162865832851885,0.000232285611353701,0.00155703260402132,0.000219749881662914,0.001,0,3.56062974453305,0.159422587103206,0.00031793666025799,0.00019649418396898,10,"full"
"misspecified_grouping","Posterior clustering",0.0129133832257437,0.00229033980967052,0.00192209813923646,0.000398530613229893,0.00175441881359254,0.000366543200248285,0.0246367523696048,0.00607820681206069,4.99432361798356,0.098289484463435,-2.73065475764778e-05,0.000118571248002025,10,"full"
"misspecified_grouping","Top-M support atoms",0.0104015540458484,0.0035747456898419,0.0189145553830937,0.00488050007215044,0.00782026927018631,0.00262734140017638,0.0390237596057663,0.0142875680994011,9.87625711771878,0.72705130930989,-0.000110274508448471,0.0001678763029951,10,"full"
"misspecified_grouping","Credible support set",0.0396739845014262,0.000446363030330248,0.048394378774772,0.000280968002659205,0.0268476016310427,0.00022902774825715,0.156326285375148,0.00161108831784894,15.8808438184346,0.142991982734957,-0.000133137378698423,0.000377270018732974,10,"full"
"misspecified_grouping","Dilution-prior BMA",0.0295888885106647,0.0063086637309701,0.00606738720429169,0.0018540036386931,0.00539004160401533,0.00160608828112475,NA,NA,8.8,1.94821855949366,-0.000886920597140972,0.000784554396061713,10,"full"
"misspecified_grouping","DPP-prior BMA",0.0524553972615875,0.0112361404372418,0.0217990579649121,0.00651053565308956,0.0173014859757026,0.00490621413732632,NA,NA,7.2,1.59721980676146,-0.00168968111780305,0.00152821393327,10,"full"
"misspecified_grouping","Fixed hard dictionary",0.0252613334886564,0.00675157757839403,0.00680111604267538,0.00255717321529749,0.00559561211675927,0.00199455807571713,0.800564877926164,0.0810620355652949,18.7764429988708,1.37768269181945,-4.72776899180351e-05,0.000388486430602999,10,"full"
"multi_representative","ASK-PC pooled-pruned 99%",0.0144587620339056,0.00172237445153155,0.00186632808398318,0.000389758324087838,0.00170995303590905,0.000337933898600718,0.001,0,4.64961897945967,0.112478109030834,0.000425919194561075,0.000153221617818092,10,"full"
"multi_representative","ASK-PC pooled union",0.0144587620339056,0.00172237445153155,0.00186632808398318,0.000389758324087838,0.00170995303590905,0.000337933898600718,0.001,0,4.64961897945967,0.112478109030834,0.000425919194561075,0.000153221617818092,10,"full"
"multi_representative","Posterior clustering",0.0212846255166408,0.00145832935880115,0.00242165860781847,0.000357278003206451,0.00223987973613728,0.00030704300328247,0.0498354397153807,0.0294244366960849,5.53021729159884,0.127545943585669,0.00128159531270617,0.000387757540412822,10,"full"
"multi_representative","Top-M support atoms",0.0140393012579465,0.00471506221115538,0.0228469646991244,0.00514540085008081,0.0100153691120348,0.00320124812514388,0.0521702037677696,0.0185793506242045,11.1479391242431,0.871637258478548,0.000554446840148915,9.16785748316384e-05,10,"full"
"multi_representative","Credible support set",0.039609259407638,0.000350235683552849,0.0481497593462514,0.000340075294275238,0.0267607679071995,0.000206061314481996,0.157252678468181,0.00133239537481555,16.4442226713732,0.243057352213293,0.000980467432152387,0.000139818121729142,10,"full"
"multi_representative","Dilution-prior BMA",0.0378849507329165,0.00595229027275778,0.00692222804302845,0.00169472750090604,0.00629266970854401,0.00150751042569753,NA,NA,11.7,2.74893918933589,0.00200750013931035,0.000562477169279852,10,"full"
"multi_representative","DPP-prior BMA",0.0693078902352651,0.0104473975997162,0.0253567275871818,0.00607329034026754,0.0210421470572509,0.00477865225762066,NA,NA,9.8,2.13853532431273,0.00392368828159704,0.0011451498814878,10,"full"
"multi_representative","Fixed hard dictionary",0.0157966165596495,0.00288062407730346,0.0100116187224599,0.00141863676918542,0.00571943408527439,0.00112246942537006,0.0887163296530597,0.0357289316501303,6.52883290432255,0.606621785414968,0.000527591975713082,0.000344726695478248,10,"full"
"noisy_grouping","ASK-PC pooled-pruned 99%",0.0127455476532232,0.000468018145318702,0.0016602267039926,9.28010017266434e-05,0.00155882913716554,8.78399635530294e-05,0.001,0,3.81571718331184,0.286439177482906,6.92034694923296e-05,0.000144262284385719,10,"full"
"noisy_grouping","ASK-PC pooled union",0.0127455476532232,0.000468018145318702,0.0016602267039926,9.28010017266434e-05,0.00155882913716554,8.78399635530294e-05,0.001,0,3.81571718331184,0.286439177482906,6.92034694923296e-05,0.000144262284385719,10,"full"
"noisy_grouping","Posterior clustering",0.0156787491994165,0.00202988981078089,0.00214332645943151,0.000429114931046409,0.00193412727877757,0.000371471022513576,0.035342298046474,0.0125643025745754,5.34964436452103,0.155803568166867,-6.97126316244964e-05,0.000173098886110905,10,"full"
"noisy_grouping","Top-M support atoms",0.00894336714735823,0.00315776572307156,0.0173556611018296,0.00446666586830755,0.0068795186977207,0.00238232609390436,0.0340629811879486,0.0127134630482197,9.75907777125572,0.699554922605895,-5.43354464118911e-05,0.000123523113728755,10,"full"
"noisy_grouping","Credible support set",0.0392029831441873,0.000557833485211631,0.048077084466386,0.000303752199124091,0.0265895042720335,0.000270565194653543,0.154921568713008,0.00242995948836815,15.9233011774541,0.295476730741088,-8.74589808781853e-05,0.00017446036679633,10,"full"
"noisy_grouping","Dilution-prior BMA",0.0230673372272692,0.00451290564868522,0.00473495856027372,0.00129283239311468,0.00417872894142551,0.00112456718967231,NA,NA,8.5,1.86934331904133,-9.88582247033688e-05,7.64687422096055e-05,10,"full"
"noisy_grouping","DPP-prior BMA",0.0398916575727986,0.00748598679230558,0.0169062005684971,0.00455704721683121,0.013194292200006,0.00344146547412611,NA,NA,6.7,1.51327459504216,-0.000160101432696247,0.000129244392396829,10,"full"
"noisy_grouping","Fixed hard dictionary",0.0253927886524402,0.0067819721543036,0.00913217613431606,0.0029250746152041,0.00730936144664809,0.00230900322381494,0.729042458551379,0.0882906880592323,17.5218994468348,1.51918875976344,-4.81000370265325e-05,0.000193815476819456,10,"full"
"one_representative","ASK-PC pooled-pruned 99%",0.0167779710561849,0.0013776384834598,0.00263110052239631,0.000359709472466727,0.00235764633339427,0.000307718189735978,0.001,0,4.04740706819585,0.170340452519625,2.0212433593647e-05,5.86680731551931e-05,10,"full"
"one_representative","ASK-PC pooled union",0.0167779710561849,0.0013776384834598,0.00263110052239631,0.000359709472466727,0.00235764633339427,0.000307718189735978,0.001,0,4.04740706819585,0.170340452519625,2.0212433593647e-05,5.86680731551931e-05,10,"full"
"one_representative","Posterior clustering",0.0185426595606263,0.00146746425626228,0.00240319742381023,0.000203295668254975,0.00221817225717649,0.00018795293016165,0.0258464723066924,0.00821576103060952,5.58704887173608,0.114390890321698,-4.33744154390015e-05,8.4701489674726e-05,10,"full"
"one_representative","Top-M support atoms",0.00923677394161297,0.00324603547794943,0.0175409936099273,0.00481308966910021,0.00714675732100024,0.00246534370058529,0.0354041073798152,0.0130789335463362,9.54097725721338,0.696411193330637,-3.32010780788041e-06,5.32602685268385e-05,10,"full"
"one_representative","Credible support set",0.0390953014106973,0.000511139856385392,0.0481276308307164,0.000253530051558565,0.026568438391807,0.000249430785114526,0.153977183139318,0.00196943175873738,15.6325165076622,0.119803157126042,-0.000161681068347819,0.000130416455745056,10,"full"
"one_representative","Dilution-prior BMA",0.0213737788040531,0.00384256787194792,0.00433336531550833,0.00115464894846711,0.00380911411436421,0.000995067556279476,NA,NA,8.5,1.82726267648877,-0.00011461196688598,5.66758567977388e-05,10,"full"
"one_representative","DPP-prior BMA",0.0369766019971053,0.00632725607088525,0.0154279947342564,0.00404194985946005,0.011969893153302,0.00300567347183024,NA,NA,7.1,1.51620872207255,-0.000200279824170924,9.9320190837951e-05,10,"full"
"one_representative","Fixed hard dictionary",0.0459183005881258,0.00155914586387054,0.0173364371814236,0.000571344361288021,0.0140618481162848,0.000295502068002543,0.505614492360793,0.0233606615207374,13.6286771469191,0.407708185300224,-0.000202036156298014,0.000159281175432327,10,"full"
"ordered_interval","ASK-PC pooled-pruned 99%",0.0163116917120296,0.00113351012652109,0.00324287401357521,0.000319544350920385,0.00284916793789105,0.000259468291679637,0.001,0,5.13011087386318,0.0302893829544392,0.000295160731103539,0.000102550265187308,10,"full"
"ordered_interval","ASK-PC pooled union",0.0163116917120296,0.00113351012652109,0.00324287401357521,0.000319544350920385,0.00284916793789105,0.000259468291679637,0.001,0,5.13011087386318,0.0302893829544392,0.000295160731103539,0.000102550265187308,10,"full"
"ordered_interval","Posterior clustering",0.0296713372737594,0.00259495152982614,0.00679553216776476,0.000478101139632674,0.00580805114627526,0.00035218398298769,0.284027406651034,0.0965865363502793,7.62071856333592,0.272906330488516,-0.000366779307859733,0.000344852258812712,10,"full"
"ordered_interval","Top-M support atoms",0.00359149572502732,0.00141198251236209,0.00886813744808141,0.00269141744479653,0.00273935862553027,0.00119432316737927,0.0121800244254574,0.00561602367526556,7.83096255670725,0.292496627044452,2.43069129434836e-05,6.92735874641901e-05,10,"full"
"ordered_interval","Credible support set",0.0390222516378896,0.000672503099938129,0.0483788356455142,0.000356119057773057,0.0266165408568587,0.000332212060195587,0.152239085392344,0.00276217190053105,15.0887129280681,0.264484970522209,-0.000185726680927445,0.000145068935211859,10,"full"
"ordered_interval","Dilution-prior BMA",0.00735854221132939,0.00292318354817477,0.000429885680145087,0.000219191277661066,0.00042622849947329,0.000218183676155091,NA,NA,5.1,0.971253485622231,0.000861360687100166,0.00053371768030727,10,"full"
"ordered_interval","DPP-prior BMA",0.0146124287721428,0.00582809729163394,0.00170587771469422,0.000873136827008379,0.00168038786673785,0.000869467844198101,NA,NA,5.1,0.971253485622231,0.00177695770387982,0.00111520576194553,10,"full"
"ordered_interval","Fixed hard dictionary",0.0649642934215921,0.00739789565804204,0.0654440952667031,0.00641101073559733,0.0378698343701793,0.00385150206324693,0.005896335659541,0.00267739108968998,12.5334963364135,0.148097930498219,0.000774406575433904,0.000376910657265558,10,"full"
"weak_signal","ASK-PC pooled-pruned 99%",0.0124592950712398,0.0011856470643922,0.00259098894778537,0.000258959983939265,0.00222535855312038,0.000233776576348252,0.001,0,2.76273861882005,0.301131513290741,0.00109271460272808,0.000293160118848049,10,"full"
"weak_signal","ASK-PC pooled union",0.0124592950712398,0.0011856470643922,0.00259098894778537,0.000258959983939265,0.00222535855312038,0.000233776576348252,0.001,0,2.76273861882005,0.301131513290741,0.00109271460272808,0.000293160118848049,10,"full"
"weak_signal","Posterior clustering",0.025564983369168,0.00287614777890358,0.00448661526895102,0.000686134727204683,0.00401954232865956,0.000621742662326746,0.0433301541625048,0.0108104009490063,4.11930622825073,0.297713809207692,0.000943786333267749,0.000218606358032936,10,"full"
"weak_signal","Top-M support atoms",0.0467062820859212,0.0142989545114718,0.0399598771453182,0.00296549847012676,0.0228423100883313,0.00310493296946012,0.212475755062621,0.0800122682724635,15.9573165058579,4.61621750532774,0.00188548771360111,0.000325284142858055,10,"full"
"weak_signal","Credible support set",0.0413660736570607,0.00024456410571543,0.0516453145547387,0.000378948043580903,0.0283615001749975,0.000168738961404096,0.151015806916732,0.00163958451456279,12.8104829653441,0.619215024057967,0.00222898938017431,0.000407929387372192,10,"full"
"weak_signal","Dilution-prior BMA",0.0112478567489466,0.00323122982211728,0.00246377173383552,0.00088993230286875,0.00214564159472814,0.000762968969054351,NA,NA,28.2,5.55137620575095,0.000195379522149497,0.000121136260760263,10,"full"
"weak_signal","DPP-prior BMA",0.0190767958837464,0.00529161259638846,0.00870379717599663,0.00310328450478534,0.00662377864081114,0.0022851553955585,NA,NA,24.6,4.41512551727959,0.00036478747775437,0.000209038932947631,10,"full"
"weak_signal","Fixed hard dictionary",0.0415679846926677,0.00194515621756778,0.0188806012786688,0.000398036102445439,0.0135919662230633,0.000414958336904463,0.302202371930411,0.0429993193461665,9.86249517610035,0.804518843060702,0.0033376946599998,0.000903803445908128,10,"full"
