"scenario","rho","method","label","tv_mean","tv_se","fkl_mean","fkl_se","rkl_mean","rkl_se","q0_mean","q0_se","expected_code_mean","expected_code_se","code_penalty_mean","code_penalty_se","entropy_penalty_mean","entropy_penalty_se","objective_check_mean","objective_check_se","q_effective_kernels_mean","q_effective_kernels_se","q_kernel95_mean","q_kernel95_se","rmse_gap_mean","rmse_gap_se","logscore_gap_mean","logscore_gap_se","n_kernels_mean","n_kernels_se","active_kernels_001_mean","active_kernels_001_se","objective_mean","objective_se","kkt_residual_mean","kkt_residual_se","runtime_sec_mean","runtime_sec_se","column_iterations_mean","column_iterations_se","retained_q_mass_mean","retained_q_mass_se","n_replications","mode"
"one_representative",0.95,"posterior_cluster_only","Cluster only",0.00808910046657196,0.000807904295243614,0.00219733783383849,0.000217141534005246,0.00186920846248686,0.00018599886978534,0.0228465261341186,0.000371719481838687,4.70111408718668,0.00192975413178299,0.0940222817437336,3.85950826356608e-05,-0.000287497659590107,4.12558989051647e-07,0.095932121917982,0.000255323233624766,1.3330876990922,0.000549998018243913,2,0,-3.33272061938672e-05,1.4797677620087e-05,-2.4336456818134e-05,2.18992992952073e-05,3,0,3,0,0.095932121917982,0.000255323233624766,0.0645549569249865,0.000436820078681739,0.363333333333332,0.0317979733805656,2,0,NA,NA,3,"medium"
"weak_signal",0.95,"posterior_cluster_only","Cluster only",0.0422074440996826,0.00432036168527218,0.012494774738741,0.000766545621135189,0.0119933906983155,0.000637549223204682,0.001,8.85247366868827e-20,2.12628317412582,0.167554764514198,0.0425256634825163,0.00335109529028395,-0.00107963444617156,0.000304895997514926,0.0539408037750857,0.00288599747045975,3.19521717661706,0.797752323799247,4,1,0.00240775557327133,0.00396756187166275,-0.0019057674208797,0.00131478340404937,7.33333333333333,1.76383420737639,6.33333333333333,1.66666666666667,0.0539408037750857,0.00288599747045975,0.0242354502999157,0.0124554959531574,0.976666666666669,0.311198400452894,6.33333333333333,1.76383420737639,NA,NA,3,"medium"
"one_representative",0.95,"fixed_hard_dictionary","Fixed hard",0.102777483348317,0.0259117444701395,0.0724316526619934,0.00133326516396002,0.050846114311896,0.00483928264141985,0.314346368613748,0.106049012889704,10.1892681374719,1.84430965100963,0.203785362749439,0.0368861930201925,-0.00102815690269035,1.46288972068587e-05,0.275188858508742,0.0355698973474608,2.79650358710714,0.0406251478127043,3,0,-0.000512384321276057,0.000560195722156951,0.000581184679761944,0.000600985966178896,17,0,NA,NA,0.275188858508742,0.0355698973474608,0.029251381243687,0.00228420179049606,0.383333333333333,0.0437162568286802,0,0,NA,NA,3,"medium"
"weak_signal",0.95,"fixed_hard_dictionary","Fixed hard",0.0653577470556425,0.00233214755579125,0.0608050354076866,0.00292629376561374,0.0333512417013175,0.00187779023613471,0.105892772304232,0.0151405324374224,6.42326930528975,0.268621813217425,0.128465386105795,0.0053724362643485,-0.00145677243527654,0.00010653047588781,0.187813649078205,0.00837447974298444,4.34241282589473,0.480891698798008,5.66666666666667,1.20185042515466,0.00584762916561606,0.00251180023173275,-0.00327159509659255,0.00105876328374337,17,0,NA,NA,0.187813649078205,0.00837447974298444,0.0358402475813309,0.0113437779039418,0.323333333333333,0.0176383420737658,0,0,NA,NA,3,"medium"
"one_representative",0.95,"full_adaptive","Full adaptive",0.0442786469103596,0.0226182369833397,0.0179374448644965,0.00929358679950847,0.0141901349214607,0.00720747930986627,0.334,0.333,4.58115251823214,2.75020142402972,0.0916230503646429,0.0550040284805945,-0.00054321929611842,0.000315176238578141,0.109017275933021,0.046002882432409,1.8973071092744,0.578870322461049,2.66666666666667,0.881917103688197,-0.000112805832850486,0.000110791255517529,8.50568305085601e-05,7.15599015178166e-05,5.33333333333333,2.60341655863555,5,2.64575131106459,0.109017275933021,0.046002882432409,0.00825558156570053,0.00516086591540454,4.03,1.04423815929764,8.33333333333333,2.33333333333333,NA,NA,3,"medium"
"weak_signal",0.95,"full_adaptive","Full adaptive",0.0387335375937881,0.00231462517122806,0.00991810545444448,0.000601248755453262,0.00958103118147362,0.00090805971790074,0.001,0,2.223948569443,0.0564682327101626,0.0444789713888601,0.00112936465420325,-0.00129165383040479,0.000200998597475206,0.0531054230128998,0.00183612409976089,3.78059687740943,0.698065559666361,5,0.577350269189626,0.00181073151595923,0.00325933874411826,-0.00146546913847316,0.00126168815048232,10,1.15470053837925,8.33333333333333,1.33333333333333,0.0531054230128998,0.00183612409976089,0.0200579836093303,0.00712376831977989,5.01999999999999,0.338673884437519,10.6666666666667,0.666666666666667,NA,NA,3,"medium"
"one_representative",0.95,"graph_only","Graph only",0.0445390001230171,0.0142355580666314,0.0110511289953506,0.00319613627179306,0.00966604267303888,0.00289499313876856,0.00956374737918327,0.00856374737918327,5.01792073444898,0.0430772481725588,0.10035841468898,0.000861544963451176,-0.000723355987841278,7.10854273576978e-05,0.110686187696489,0.00398496756150392,2.07201582736395,0.152117916246493,3,0,-0.000270085361730787,0.000293511173426005,0.000285339188104139,0.000277634622970747,4.66666666666667,0.333333333333333,4.33333333333333,0.333333333333333,0.110686187696489,0.00398496756150392,0.019004687285526,0.012575090554991,0.413333333333332,0.0425571511160124,3.66666666666667,0.333333333333333,NA,NA,3,"medium"
"weak_signal",0.95,"graph_only","Graph only",0.0874172663615228,0.0114057288817749,0.0286553176374647,0.000998306868122221,0.0289953918687391,9.92696770185618e-05,0.118903486395382,0.0728763884204531,5.56792003547609,0.366581839807496,0.111358400709522,0.00733163679614993,-0.00117545105294689,0.000127612414893366,0.13883826729404,0.00818287764267267,3.29348902749321,0.428238032569354,3.33333333333333,0.333333333333333,0.0068297010813636,0.00647568892684248,-0.00398890480991939,0.00357172421316631,4.66666666666667,0.333333333333333,4.66666666666667,0.333333333333333,0.13883826729404,0.00818287764267267,0.0292889337753605,0.00558330974947856,0.373333333333335,0.0366666666666617,3.66666666666667,0.333333333333333,NA,NA,3,"medium"
"one_representative",0.95,"intervals_only","Intervals only",0.0398097624565697,0.00595766729779735,0.0112900595012409,0.00177907949639946,0.00973029863309636,0.00140539572714494,0.001,8.85247366868827e-20,4.28944937083538,0.00569226840096604,0.0857889874167076,0.000113845368019323,-0.00134495056391716,0.000106365222773344,0.0957340963540314,0.00199767459860419,3.88004684054666,0.389468233209456,5.33333333333333,0.666666666666667,0.000197976768799846,0.000267732382398521,-4.85423861216934e-05,0.000139135792058352,9.66666666666667,1.33333333333333,9.33333333333333,1.66666666666667,0.0957340963540314,0.00199767459860419,0.0133911061293716,0.00622328912108576,2.12666666666667,0.285909853702956,8.66666666666667,1.33333333333333,NA,NA,3,"medium"
"weak_signal",0.95,"intervals_only","Intervals only",0.0821219386801012,0.00862131043828186,0.0284367057331715,0.00351249514644615,0.0281293634136639,0.00423024741915309,0.00144663818412859,0.000446638184128585,4.7917065926176,0.353767289172957,0.0958341318523519,0.00707534578345913,-0.00162585881315976,0.00010394744847479,0.122644978772364,0.00528962782063985,5.13597653558303,0.504135176869047,6.33333333333333,0.333333333333333,0.00380017234911715,0.00523110654971944,-0.00301173301066108,0.00289780269566357,10.6666666666667,0.666666666666667,10.3333333333333,0.881917103688197,0.122644978772364,0.00528962782063985,0.0162272103588397,0.00783101357401493,2.15333333333334,0.118930418499415,9.66666666666667,0.666666666666667,NA,NA,3,"medium"
"one_representative",0.95,"no_posterior_cluster","No cluster",0.0477953141145447,0.024621545626814,0.020871482943622,0.010767615538266,0.0162806295705723,0.00821888411480991,0.334481118341653,0.332759496413377,4.58377494294276,2.77015845022734,0.0916754988588552,0.0554031690045467,-0.000475747634890651,0.000320196692731025,0.112071234167587,0.0448351161978548,1.78911378520126,0.596726924123958,2.33333333333333,0.881917103688197,-0.000138305910176347,0.000136393892500264,0.000120761330598092,0.000106869129294707,4.66666666666667,2.33333333333333,4.66666666666667,2.33333333333333,0.112071234167587,0.0448351161978548,0.0366689166689241,0.0183345315734395,2.83666666666666,0.724622507087503,7.66666666666667,2.60341655863555,NA,NA,3,"medium"
"weak_signal",0.95,"no_posterior_cluster","No cluster",0.0512535897008026,0.00907766331331217,0.0187808858208817,0.00216770409621765,0.0184882419306354,0.0020465903476405,0.00521048773814554,0.00421048773814554,3.04371971059616,0.320037329662149,0.0608743942119232,0.00640074659324298,-0.00118247891977185,0.000121964797112073,0.0784728011130331,0.00557228091765098,3.31270196411187,0.420129318697504,4,0.577350269189626,0.00315457900407538,0.00264919643959477,-0.00175759216445348,0.00153607247606855,6.66666666666667,1.45296631451356,5.66666666666667,0.881917103688197,0.0784728011130331,0.00557228091765098,0.0557553033185667,0.0187204546411502,2.7,0.603848766938655,6.66666666666667,1.45296631451356,NA,NA,3,"medium"
"one_representative",0.95,"no_residual_cover","No residual",0.0465101344698182,0.0241632405518941,0.0198330456167917,0.00994826636922367,0.0155671006412304,0.00778391642350642,0.335955043747353,0.332026795045499,4.51985584287373,2.77188551367917,0.0903971168574746,0.0554377102735834,-0.000549559702313173,0.000320708988902081,0.109680602771953,0.0457644998326763,1.91637931503238,0.596736845416529,3,1.15470053837925,-0.000117677645395275,0.000115662809322067,8.24491432003249e-05,6.89694119057165e-05,5,2.3094010767585,4.66666666666667,2.33333333333333,0.109680602771953,0.0457644998326763,0.0214424086369542,0.0180474973968065,3.20333333333333,0.65973058474232,8,2.3094010767585,NA,NA,3,"medium"
"weak_signal",0.95,"no_residual_cover","No residual",0.0385859988030525,0.00233847367842037,0.00991658420775809,0.000602767018919787,0.00957763764379827,0.000911452962959789,0.001,0,2.22401604121125,0.0564118864717378,0.044480320824225,0.00112823772943476,-0.00128768399739162,0.000198167914767526,0.0531092210345915,0.0018326336827247,3.76143306249496,0.683411166664089,5,0.577350269189626,0.00179843303422252,0.0032484006823832,-0.00146166971277036,0.00125800860667497,10,1.15470053837925,8.33333333333333,1.33333333333333,0.0531092210345915,0.0018326336827247,0.0198119203259313,0.00687779112802873,4.63000000000001,0.291433239925266,10.6666666666667,0.666666666666667,NA,NA,3,"medium"
"one_representative",0.95,"pooled_candidate_union","Pooled union",0.0624134784361981,0.00540093466512012,0.0264816569315734,0.0022754107298381,0.020940822991515,0.00123110076248275,0.001,0,2.07202046696926,0.553101737996877,0.0414404093393853,0.0110620347599375,-0.0023573326940509,0.000323448714438582,0.0655647335769077,0.00847686569485096,11.8188545862662,4.17353836939492,49.3333333333333,6.33333333333333,-1.2603280286072e-05,0.000129919617332503,4.98070107857185e-05,6.33225991417581e-05,375,0,64.3333333333333,6.43773597194266,0.0655647335769077,0.00847686569485096,0.055477394640941,0.00157955985191519,11.0633333333333,0.172851895499523,0,0,NA,NA,3,"medium"
"weak_signal",0.95,"pooled_candidate_union","Pooled union",0.0368808114662066,0.00327738595738666,0.00913578146595104,0.000449931333356803,0.00856128769012636,0.00018274954730275,0.001,0,2.44003961744396,0.201053135197745,0.0488007923488791,0.0040210627039549,-0.00231983242616388,5.89668893987078e-05,0.0556167413886663,0.0036672200557647,10.2099477467873,0.615609113424813,20.3333333333333,4.91030662088541,0.00258680640479092,0.00333696588395058,-0.00188518188253332,0.00124816974895258,390,5.19615242270663,30.6666666666667,4.66666666666667,0.0556167413886663,0.0036672200557647,0.0535291587587903,0.00316791122346363,10.77,0.54638203972434,0,0,NA,NA,3,"medium"
"one_representative",0.95,"pooled_pruned_99","Pooled-pruned 99%",0.0623753331681342,0.00540168452178129,0.0264423289902385,0.00226251767303275,0.0209143580249857,0.00122383893370626,0.001,8.85247366868827e-20,2.07871857466106,0.552541406098433,0.0415743714932212,0.0110508281219687,-0.00236959461456439,0.000323245798153999,0.0656471058688953,0.00847872494303894,11.962956961536,4.22175557273133,50.3333333333333,6.33333333333333,-1.21470537475243e-05,0.000129700472366138,4.94382377328092e-05,6.31055567818622e-05,246.666666666667,4.33333333333333,65,6.02771377334171,0.0656471058688953,0.00847872494303894,0.0554561830126252,0.001556220770062,6.13333333333333,0.491336047030046,0,0,0.990121165634528,5.85027382534852e-05,3,"medium"
"weak_signal",0.95,"pooled_pruned_99","Pooled-pruned 99%",0.0368539931390581,0.00327302332084248,0.00912582672996343,0.000453117035147423,0.00854963916925798,0.000187083191896613,0.001,0,2.44367665549451,0.202082539180739,0.0488735331098903,0.00404165078361478,-0.00232798570867643,5.66445844490369e-05,0.0556713741311773,0.00368164336149845,10.2907173611189,0.595791998429394,20.3333333333333,4.91030662088541,0.00258392946039983,0.00333430210758831,-0.00188343067491633,0.00124734244189834,194,9.50438495292217,31,4.72581562625261,0.0556713741311773,0.00368164336149845,0.0535903942160214,0.00316323233368572,3.96,0.285131548587666,0,0,0.990069447696344,4.40312062398307e-05,3,"medium"
"one_representative",0.95,"residual_cover_only","Residual only",0.00790215407838183,0.000786455453683498,0.00207848871320873,0.000203750600702092,0.00177661930106151,0.000175464764087251,0.0502896343964607,0.000699313688048888,5.51059150628312,0.00322001884059744,0.110211830125662,6.4400376811951e-05,-0.00039735797696929,1.05149600866021e-06,0.111892960861902,0.000267098449549627,1.48789010969889,0.00156464172535471,2.66666666666667,0.333333333333333,-3.25545009027817e-05,1.44494291477382e-05,-2.37415517192474e-05,2.13744483323742e-05,3,0,3,0,0.111892960861902,0.000267098449549627,0.0559710734045603,0.000419573755399716,0.263333333333331,0.0233333333333328,2,0,NA,NA,3,"medium"
"weak_signal",0.95,"residual_cover_only","Residual only",0.0621783878831425,0.00531491046615666,0.0187034308439089,0.00191930415108794,0.0163352078041136,0.00194064476639617,0.001,0,3.61553942705765,0.614876361059159,0.0723107885411531,0.0122975272211832,-0.00111351549648395,3.42206239915265e-05,0.089900703888578,0.0107411760787621,3.04859526352622,0.103570284081432,6,1,0.0075473066307629,0.000956182873107911,-0.00425825812741643,0.00104565428703696,10,2,9,2,0.089900703888578,0.0107411760787621,0.00892114627964757,0.00101862026123845,0.903333333333345,0.0409606857581524,9.33333333333333,1.66666666666667,NA,NA,3,"medium"
"one_representative",0.95,"topM_support_atoms","Top-$M$ atoms",0.0412515327584833,0.00822416095443591,0.0940954242161683,0.0154307998020838,0.0353666931931499,0.00779745517751031,0.0385710113384161,0.00908908089334611,9.831322154702,0.264637103599231,0.19662644309404,0.00529274207198462,-0.00219883763989509,0.000149472713026441,0.288523029670313,0.0204449974169315,9.2079608638157,1.27163286771764,17,1.52752523165195,-0.00034608796733974,0.000203883241836633,8.8357681072108e-05,0.00015639636101608,33,0,NA,NA,0.288523029670313,0.0204449974169315,0.00734568738319856,0.00153806993108452,0.166666666666668,0.00333333333333393,0,0,NA,NA,3,"medium"
"weak_signal",0.95,"topM_support_atoms","Top-$M$ atoms",0.134979657185975,0.0227713564353727,0.193425398879876,0.0141771588834676,0.104979104882296,0.0147260299323237,0.125932405344626,0.023363804337756,11.5161428155683,1.68182331291874,0.230322856311367,0.0336364662583747,-0.00294670900532562,0.000118340076704649,0.420801546185917,0.0465394889012129,19.3045177747476,2.19217952216328,25.6666666666667,1.76383420737639,0.0118846429247826,0.00196222680745799,-0.00557117558089981,0.00136065587326515,33,0,NA,NA,0.420801546185917,0.0465394889012129,0.00318734036385523,0.000593007820810916,0.163333333333327,0.0033333333333303,0,0,NA,NA,3,"medium"
